2026-09-20T15:35:01.422Z CYATY No financial-statement provider returned data for CYATY.
2026-09-20T15:35:11.437Z RTNTF No financial-statement provider returned data for RTNTF.
2026-09-20T15:35:18.072Z DTEGY No financial-statement provider returned data for DTEGY.
2026-09-20T15:35:20.573Z SMERY No financial-statement provider returned data for SMERY.
2026-09-20T15:35:33.603Z TKOMY No financial-statement provider returned data for TKOMY.
2026-09-20T15:35:35.745Z MGCLY No financial-statement provider returned data for MGCLY.
2026-09-20T15:35:38.177Z SNHIY No financial-statement provider returned data for SNHIY.
2026-09-20T15:35:45.467Z IFNNY No financial-statement provider returned data for IFNNY.
2026-09-20T15:35:46.650Z BAESY No financial-statement provider returned data for BAESY.
2026-09-20T15:36:02.567Z CSLLY No financial-statement provider returned data for CSLLY.
2026-09-20T15:36:04.270Z GWLIF No financial-statement provider returned data for GWLIF.
2026-09-20T15:36:12.496Z EONGY No financial-statement provider returned data for EONGY.
2026-09-20T15:36:12.662Z LSEGY No financial-statement provider returned data for LSEGY.
2026-09-20T15:36:22.144Z TYHOY No financial-statement provider returned data for TYHOY.
2026-09-20T15:36:23.268Z GALDY No financial-statement provider returned data for GALDY.
2026-09-20T15:36:24.605Z BMWKY No financial-statement provider returned data for BMWKY.
2026-09-20T15:36:25.633Z JXAMY No financial-statement provider returned data for JXAMY.
2026-09-20T15:36:26.165Z RBGLY No financial-statement provider returned data for RBGLY.
2026-09-20T15:36:27.418Z SCMWY No financial-statement provider returned data for SCMWY.
2026-09-20T15:36:29.099Z SMTOY No financial-statement provider returned data for SMTOY.
2026-09-20T15:36:35.674Z JHPCY No financial-statement provider returned data for JHPCY.
2026-09-20T15:36:40.596Z RSHGY No financial-statement provider returned data for RSHGY.
2026-09-20T15:36:42.639Z DLMAY No financial-statement provider returned data for DLMAY.
2026-09-20T15:36:48.023Z CKHGF No financial-statement provider returned data for CKHGF.
2026-09-20T15:36:55.319Z UNVGY No financial-statement provider returned data for UNVGY.
2026-09-20T15:36:55.600Z KBGGY No financial-statement provider returned data for KBGGY.
2026-09-20T15:36:56.089Z FSNUY No financial-statement provider returned data for FSNUY.
2026-09-20T15:37:14.574Z CHLSY No financial-statement provider returned data for CHLSY.
2026-09-20T15:37:17.838Z EDPFY No financial-statement provider returned data for EDPFY.
2026-09-20T15:37:20.195Z MTNOY No financial-statement provider returned data for MTNOY.
2026-09-20T15:37:22.151Z GELHY No financial-statement provider returned data for GELHY.
2026-09-20T15:37:26.925Z HKHHY No financial-statement provider returned data for HKHHY.
2026-09-20T15:37:29.016Z CNGKY No financial-statement provider returned data for CNGKY.
2026-09-20T15:37:34.653Z TELNY No financial-statement provider returned data for TELNY.
2026-09-20T15:37:45.017Z WTKWY No financial-statement provider returned data for WTKWY.
2026-09-20T15:37:45.500Z TRMOY No financial-statement provider returned data for TRMOY.
2026-09-20T15:37:48.539Z ARNNY No financial-statement provider returned data for ARNNY.
2026-09-20T15:37:53.522Z DSEEY No financial-statement provider returned data for DSEEY.
2026-09-20T15:37:54.168Z BAWAY No financial-statement provider returned data for BAWAY.
2026-09-20T15:37:59.192Z LNTCY No financial-statement provider returned data for LNTCY.
2026-09-20T15:38:00.675Z RML No financial-statement provider returned data for RML.
2026-09-20T15:38:02.903Z SCRNY No financial-statement provider returned data for SCRNY.
2026-09-20T15:38:12.624Z VARRY No financial-statement provider returned data for VARRY.
2026-09-20T15:38:15.680Z OBICY No financial-statement provider returned data for OBICY.
2026-09-20T15:38:29.386Z DFKUY No financial-statement provider returned data for DFKUY.
2026-09-20T15:38:37.809Z YARIY No financial-statement provider returned data for YARIY.
2026-09-20T15:38:42.074Z TMTNY No financial-statement provider returned data for TMTNY.
2026-09-20T15:38:46.180Z BLMOY No financial-statement provider returned data for BLMOY.
2026-09-20T15:38:47.406Z CONE No financial-statement provider returned data for CONE.
2026-09-20T15:38:53.957Z BZLFY No financial-statement provider returned data for BZLFY.
2026-09-20T15:38:54.784Z NCLTY No financial-statement provider returned data for NCLTY.
2026-09-20T15:39:00.849Z DLAKY No financial-statement provider returned data for DLAKY.
2026-09-20T15:39:17.761Z SNROY No financial-statement provider returned data for SNROY.
2026-09-20T15:39:22.456Z WEGRY No financial-statement provider returned data for WEGRY.
2026-09-20T15:39:27.497Z AZBLY No financial-statement provider returned data for AZBLY.
2026-09-20T15:39:28.772Z PNDRY No financial-statement provider returned data for PNDRY.
2026-09-20T15:39:32.718Z VBREY No financial-statement provider returned data for VBREY.
2026-09-20T15:39:36.646Z MINBY No financial-statement provider returned data for MINBY.
2026-09-20T15:39:39.610Z KERCY No financial-statement provider returned data for KERCY.
2026-09-20T15:39:42.834Z SPIIY No financial-statement provider returned data for SPIIY.
2026-09-20T15:39:45.447Z GWKSY No financial-statement provider returned data for GWKSY.
2026-09-20T15:39:53.181Z LPGCY No financial-statement provider returned data for LPGCY.
2026-09-20T15:40:03.113Z LOTMY No financial-statement provider returned data for LOTMY.
2026-09-20T15:40:07.406Z BJGPY No financial-statement provider returned data for BJGPY.
2026-09-20T15:40:09.075Z BCHMY No financial-statement provider returned data for BCHMY.
2026-09-20T15:40:10.239Z SFGYY No financial-statement provider returned data for SFGYY.
2026-09-20T15:40:16.121Z ESYJY No financial-statement provider returned data for ESYJY.
2026-09-20T15:40:16.266Z SHMXY No financial-statement provider returned data for SHMXY.
2026-09-20T15:40:20.392Z ARSTY No financial-statement provider returned data for ARSTY.
2026-09-20T15:40:27.917Z MBSHY No financial-statement provider returned data for MBSHY.
2026-09-20T15:40:38.896Z ERELY No financial-statement provider returned data for ERELY.
2026-09-20T15:40:48.226Z SLFPY No financial-statement provider returned data for SLFPY.
2026-09-20T15:40:54.370Z BTDPY No financial-statement provider returned data for BTDPY.
2026-09-20T15:41:13.131Z SMFSY No financial-statement provider returned data for SMFSY.
2026-09-20T15:41:16.376Z TKMTY No financial-statement provider returned data for TKMTY.
2026-09-20T15:41:22.518Z RMVEY No financial-statement provider returned data for RMVEY.
2026-09-20T15:41:27.380Z OBOCY No financial-statement provider returned data for OBOCY.
2026-09-20T15:41:33.619Z BUHPY No financial-statement provider returned data for BUHPY.
2026-09-20T15:41:41.797Z NWSGY No financial-statement provider returned data for NWSGY.
2026-09-20T15:41:43.852Z MBRFY No financial-statement provider returned data for MBRFY.
2026-09-20T15:41:43.909Z RKGRY No financial-statement provider returned data for RKGRY.
2026-09-20T15:41:49.426Z FLIDY No financial-statement provider returned data for FLIDY.
2026-09-20T15:41:53.235Z ADOOY No financial-statement provider returned data for ADOOY.
2026-09-20T15:41:55.141Z AMVOY No financial-statement provider returned data for AMVOY.
2026-09-20T15:41:57.724Z HPHTY No financial-statement provider returned data for HPHTY.
2026-09-20T15:42:04.919Z IFHLY No financial-statement provider returned data for IFHLY.
2026-09-20T15:42:06.317Z AYA No financial-statement provider returned data for AYA.
2026-09-20T15:42:16.700Z AWATY No financial-statement provider returned data for AWATY.
2026-09-20T15:42:17.921Z NGXXF No financial-statement provider returned data for NGXXF.
2026-09-20T15:42:21.066Z NEXHY No financial-statement provider returned data for NEXHY.
2026-09-20T15:42:25.334Z SMGSY No financial-statement provider returned data for SMGSY.
2026-09-20T15:42:27.257Z MTLMY No financial-statement provider returned data for MTLMY.
2026-09-20T15:42:53.655Z BMRRY No financial-statement provider returned data for BMRRY.
2026-09-20T15:42:58.590Z HYPMY No financial-statement provider returned data for HYPMY.
2026-09-20T15:43:08.471Z KOZAY No financial-statement provider returned data for KOZAY.
2026-09-20T15:43:40.665Z PTXKY No financial-statement provider returned data for PTXKY.
2026-09-20T15:43:56.946Z TSCFY No financial-statement provider returned data for TSCFY.
2026-09-20T15:44:03.040Z SXGCF No financial-statement provider returned data for SXGCF.
2026-09-20T15:44:05.580Z EBOSY No financial-statement provider returned data for EBOSY.
2026-09-20T15:44:09.512Z SPGNY No financial-statement provider returned data for SPGNY.
2026-09-20T15:44:13.206Z AEGXF No financial-statement provider returned data for AEGXF.
2026-09-20T15:44:21.088Z SMSGY No financial-statement provider returned data for SMSGY.
2026-09-20T15:44:42.255Z BSTZ No financial-statement provider returned data for BSTZ.
2026-09-20T15:44:43.524Z PAEXY No financial-statement provider returned data for PAEXY.
2026-09-20T15:45:11.733Z BVENY No financial-statement provider returned data for BVENY.
2026-09-20T15:45:14.699Z MDCOY No financial-statement provider returned data for MDCOY.
2026-09-20T15:45:31.217Z EBCRY No financial-statement provider returned data for EBCRY.
2026-09-20T15:45:33.666Z FXCNY No financial-statement provider returned data for FXCNY.
2026-09-20T15:45:41.396Z LNXSY No financial-statement provider returned data for LNXSY.
2026-09-20T15:45:42.897Z AVVSY No financial-statement provider returned data for AVVSY.
2026-09-20T15:45:46.868Z SBCLY No financial-statement provider returned data for SBCLY.
2026-09-20T15:45:48.676Z QQQX No financial-statement provider returned data for QQQX.
2026-09-20T15:45:52.656Z RIOFF No financial-statement provider returned data for RIOFF.
2026-09-20T15:46:01.584Z SFDMY No financial-statement provider returned data for SFDMY.
2026-09-20T15:46:18.498Z PFBC No financial-statement provider returned data for PFBC.
2026-09-20T15:46:29.478Z MNSKY No financial-statement provider returned data for MNSKY.
2026-09-20T15:46:30.398Z TALMF No financial-statement provider returned data for TALMF.
2026-09-20T15:46:35.099Z BRAI No financial-statement provider returned data for BRAI.
2026-09-20T15:46:54.581Z CPPKF No financial-statement provider returned data for CPPKF.
2026-09-20T15:46:59.841Z LTGHY No financial-statement provider returned data for LTGHY.
2026-09-20T15:47:01.333Z YKCLY No financial-statement provider returned data for YKCLY.
2026-09-20T15:47:02.793Z BTX No financial-statement provider returned data for BTX.
2026-09-20T15:47:07.227Z PTA No financial-statement provider returned data for PTA.
2026-09-20T15:47:14.835Z SYNSY No financial-statement provider returned data for SYNSY.
2026-09-20T15:47:15.002Z LGSXY No financial-statement provider returned data for LGSXY.
2026-09-20T15:47:18.683Z BCX No financial-statement provider returned data for BCX.
2026-09-20T15:47:26.754Z MSSHY No financial-statement provider returned data for MSSHY.
2026-09-20T15:47:41.962Z HAPVY No financial-statement provider returned data for HAPVY.
2026-09-20T15:47:46.886Z AIO No financial-statement provider returned data for AIO.
2026-09-20T15:48:03.953Z THQ No financial-statement provider returned data for THQ.
2026-09-20T15:48:10.848Z KRNGY No financial-statement provider returned data for KRNGY.
2026-09-20T15:48:14.525Z THSGF No financial-statement provider returned data for THSGF.
2026-09-20T15:48:28.593Z PINWF No financial-statement provider returned data for PINWF.
2026-09-20T15:48:33.152Z AMRQF No financial-statement provider returned data for AMRQF.
2026-09-20T15:48:38.499Z CAZGF No financial-statement provider returned data for CAZGF.
2026-09-20T15:48:40.960Z MRRDF No financial-statement provider returned data for MRRDF.
2026-09-20T15:48:43.810Z ALPIB No financial-statement provider returned data for ALPIB.
2026-09-20T15:48:50.548Z WDI No financial-statement provider returned data for WDI.
2026-09-20T15:48:56.266Z GSKRF No financial-statement provider returned data for GSKRF.
2026-09-20T15:49:08.868Z NML No financial-statement provider returned data for NML.
2026-09-20T15:49:14.914Z AUXX No financial-statement provider returned data for AUXX.
2026-09-20T15:49:26.632Z BMM No financial-statement provider returned data for BMM.
2026-09-20T15:49:46.248Z ABXXF No financial-statement provider returned data for ABXXF.
2026-09-20T15:49:47.516Z FGOVF No financial-statement provider returned data for FGOVF.
2026-09-20T15:50:04.839Z BVSFF No financial-statement provider returned data for BVSFF.
2026-09-20T15:50:09.538Z NMAI No financial-statement provider returned data for NMAI.
2026-09-20T15:50:10.717Z GHY No financial-statement provider returned data for GHY.
2026-09-20T15:50:21.405Z SCGX No financial-statement provider returned data for SCGX.
2026-09-20T15:50:31.547Z JRI No financial-statement provider returned data for JRI.
2026-09-20T15:50:41.940Z DFP No financial-statement provider returned data for DFP.
2026-09-20T15:50:47.217Z ISD No financial-statement provider returned data for ISD.
2026-09-20T15:50:50.642Z SICOF No financial-statement provider returned data for SICOF.
2026-09-20T15:50:59.649Z SDHY No financial-statement provider returned data for SDHY.
2026-09-20T15:51:37.758Z BORAY No financial-statement provider returned data for BORAY.
2026-09-20T15:51:38.558Z JGH No financial-statement provider returned data for JGH.
2026-09-20T15:51:41.332Z WHGOF No financial-statement provider returned data for WHGOF.
2026-09-20T15:51:50.634Z CDPMF No financial-statement provider returned data for CDPMF.
2026-09-20T15:51:51.762Z BRVMF No financial-statement provider returned data for BRVMF.
2026-09-20T15:51:54.211Z TAKOF No financial-statement provider returned data for TAKOF.
2026-09-20T15:52:04.339Z GONYF No financial-statement provider returned data for GONYF.
2026-09-20T15:52:12.117Z SVRSF No financial-statement provider returned data for SVRSF.
2026-09-20T15:52:17.960Z CUVL No financial-statement provider returned data for CUVL.
2026-09-20T15:52:40.660Z TDRRF No financial-statement provider returned data for TDRRF.
2026-09-20T15:52:41.810Z SMDRF No financial-statement provider returned data for SMDRF.
2026-09-20T15:52:42.534Z NPCT No financial-statement provider returned data for NPCT.
2026-09-20T15:52:47.858Z CAMVF No financial-statement provider returned data for CAMVF.
2026-09-20T15:52:49.910Z ACV No financial-statement provider returned data for ACV.
2026-09-20T15:52:57.984Z CLCHF No financial-statement provider returned data for CLCHF.
2026-09-20T15:53:03.505Z GSVRF No financial-statement provider returned data for GSVRF.
2026-09-20T15:53:19.790Z PMMCF No financial-statement provider returned data for PMMCF.
2026-09-20T15:53:20.967Z GLATF No financial-statement provider returned data for GLATF.
2026-09-20T15:53:22.555Z WRLGF No financial-statement provider returned data for WRLGF.
2026-09-20T15:53:23.766Z CGNRF No financial-statement provider returned data for CGNRF.
2026-09-20T15:53:33.358Z HHLKF No financial-statement provider returned data for HHLKF.
2026-09-20T15:53:34.149Z PTHRF No financial-statement provider returned data for PTHRF.
2026-09-20T15:53:34.772Z BXSY No financial-statement provider returned data for BXSY.
2026-09-20T15:53:35.947Z PNPNF No financial-statement provider returned data for PNPNF.
2026-09-20T15:53:37.925Z PSF No financial-statement provider returned data for PSF.
2026-09-20T15:53:44.738Z KISB No financial-statement provider returned data for KISB.
2026-09-20T15:53:45.901Z PFSTY No financial-statement provider returned data for PFSTY.
2026-09-20T15:53:46.399Z TSKFF No financial-statement provider returned data for TSKFF.
2026-09-20T15:53:50.412Z GARLF No financial-statement provider returned data for GARLF.
2026-09-20T15:53:53.436Z CFSU No financial-statement provider returned data for CFSU.
2026-09-20T15:53:53.921Z OAKC No financial-statement provider returned data for OAKC.
2026-09-20T15:53:56.306Z TETOF No financial-statement provider returned data for TETOF.
2026-09-20T15:54:05.764Z RVLGF No financial-statement provider returned data for RVLGF.
2026-09-20T15:54:11.939Z NXPGY No financial-statement provider returned data for NXPGY.
2026-09-20T15:54:12.056Z PSRHF No financial-statement provider returned data for PSRHF.
2026-09-20T15:54:14.974Z SUGRF No financial-statement provider returned data for SUGRF.
2026-09-20T15:54:16.353Z BMBN No financial-statement provider returned data for BMBN.
2026-09-20T15:54:20.799Z IDE No financial-statement provider returned data for IDE.
2026-09-20T15:54:24.433Z AGXPF No financial-statement provider returned data for AGXPF.
2026-09-20T15:54:24.614Z DMB No financial-statement provider returned data for DMB.
2026-09-20T15:54:25.191Z CPKF No financial-statement provider returned data for CPKF.
2026-09-20T15:54:25.471Z APGOF No financial-statement provider returned data for APGOF.
2026-09-20T15:54:30.198Z SSVFF No financial-statement provider returned data for SSVFF.
2026-09-20T15:54:31.224Z AGMRF No financial-statement provider returned data for AGMRF.
2026-09-20T15:54:33.555Z MRUWY No financial-statement provider returned data for MRUWY.
2026-09-20T15:54:33.867Z STLRF No financial-statement provider returned data for STLRF.
2026-09-20T15:54:34.051Z HWAIF No financial-statement provider returned data for HWAIF.
2026-09-20T15:54:34.399Z SRGXF No financial-statement provider returned data for SRGXF.
2026-09-20T15:54:35.444Z TBXXF No financial-statement provider returned data for TBXXF.
2026-09-20T15:54:41.436Z AURFF No financial-statement provider returned data for AURFF.
2026-09-20T15:54:42.254Z TGMPF No financial-statement provider returned data for TGMPF.
2026-09-20T15:54:42.566Z SNNGF No financial-statement provider returned data for SNNGF.
2026-09-20T15:54:44.783Z SCTSF No financial-statement provider returned data for SCTSF.
2026-09-20T15:54:44.826Z KTGDF No financial-statement provider returned data for KTGDF.
2026-09-20T15:54:47.348Z WRIV No financial-statement provider returned data for WRIV.
2026-09-20T15:54:56.532Z GCUMF No financial-statement provider returned data for GCUMF.
2026-09-20T15:54:59.553Z GNT No financial-statement provider returned data for GNT.
2026-09-20T15:55:06.114Z FPRGF No financial-statement provider returned data for FPRGF.
2026-09-20T15:55:18.300Z WPGCF No financial-statement provider returned data for WPGCF.
2026-09-20T15:55:20.979Z VLTLF No financial-statement provider returned data for VLTLF.
2026-09-20T15:55:30.198Z SPAUF No financial-statement provider returned data for SPAUF.
2026-09-20T15:55:38.202Z PHD No financial-statement provider returned data for PHD.
2026-09-20T15:55:39.763Z HYDTF No financial-statement provider returned data for HYDTF.
2026-09-20T15:55:42.896Z NZAUF No financial-statement provider returned data for NZAUF.
2026-09-20T15:55:43.283Z TNYZF No financial-statement provider returned data for TNYZF.
2026-09-20T15:55:43.347Z KGFMF No financial-statement provider returned data for KGFMF.
2026-09-20T15:55:46.728Z LMRXF No financial-statement provider returned data for LMRXF.
2026-09-20T15:55:47.154Z LGCXF No financial-statement provider returned data for LGCXF.
2026-09-20T15:55:50.472Z UNIB No financial-statement provider returned data for UNIB.
2026-09-20T15:55:52.971Z NICM No financial-statement provider returned data for NICM.
2026-09-20T15:55:55.442Z ORRCF No financial-statement provider returned data for ORRCF.
2026-09-20T15:56:04.612Z GGOXF No financial-statement provider returned data for GGOXF.
2026-09-20T15:56:08.449Z FTZFF No financial-statement provider returned data for FTZFF.
2026-09-20T15:56:13.202Z SIREF No financial-statement provider returned data for SIREF.
2026-09-20T15:56:15.637Z NHFLF No financial-statement provider returned data for NHFLF.
2026-09-20T15:56:21.268Z RGT No financial-statement provider returned data for RGT.
2026-09-20T15:56:22.432Z XTRAF No financial-statement provider returned data for XTRAF.
2026-09-20T15:56:24.165Z DFSLY No financial-statement provider returned data for DFSLY.
2026-09-20T15:56:32.493Z TRBG No financial-statement provider returned data for TRBG.
2026-09-20T15:56:36.741Z TUNGF No financial-statement provider returned data for TUNGF.
2026-09-20T15:56:36.969Z EDVR No financial-statement provider returned data for EDVR.
2026-09-20T15:56:38.815Z KSBI No financial-statement provider returned data for KSBI.
2026-09-20T15:56:39.544Z BDCTF No financial-statement provider returned data for BDCTF.
2026-09-20T15:56:48.228Z VCUFF No financial-statement provider returned data for VCUFF.
2026-09-20T15:56:58.447Z VGI No financial-statement provider returned data for VGI.
2026-09-20T15:56:59.698Z NCAUF No financial-statement provider returned data for NCAUF.
2026-09-20T15:57:00.063Z AWLRF No financial-statement provider returned data for AWLRF.
2026-09-20T15:57:08.211Z AZASF No financial-statement provider returned data for AZASF.
2026-09-20T15:57:10.978Z REDW No financial-statement provider returned data for REDW.
2026-09-20T15:57:12.599Z REVFF No financial-statement provider returned data for REVFF.
2026-09-20T15:57:13.058Z HANNF No financial-statement provider returned data for HANNF.
2026-09-20T15:57:15.397Z IMTCF No financial-statement provider returned data for IMTCF.
2026-09-20T15:57:20.505Z SRLZF No financial-statement provider returned data for SRLZF.
2026-09-20T15:57:21.614Z NKGFF No financial-statement provider returned data for NKGFF.
2026-09-20T15:57:21.922Z VMXXF No financial-statement provider returned data for VMXXF.
2026-09-20T15:57:22.860Z YARRF No financial-statement provider returned data for YARRF.
2026-09-20T15:57:23.141Z NRRSF No financial-statement provider returned data for NRRSF.
2026-09-20T15:57:26.064Z WTHVF No financial-statement provider returned data for WTHVF.
2026-09-20T15:57:27.820Z OAKV No financial-statement provider returned data for OAKV.
2026-09-20T15:57:29.654Z SYHBF No financial-statement provider returned data for SYHBF.
2026-09-20T15:57:36.538Z STBI No financial-statement provider returned data for STBI.
2026-09-20T15:57:42.081Z PGZ No financial-statement provider returned data for PGZ.
2026-09-20T15:57:43.682Z CUAUF No financial-statement provider returned data for CUAUF.
2026-09-20T15:57:47.478Z SMOFF No financial-statement provider returned data for SMOFF.
2026-09-20T15:57:53.396Z PLLMF No financial-statement provider returned data for PLLMF.
2026-09-20T15:58:00.323Z AUXXF No financial-statement provider returned data for AUXXF.
2026-09-20T15:58:01.078Z EQTRF No financial-statement provider returned data for EQTRF.
2026-09-20T15:58:02.546Z TGRGF No financial-statement provider returned data for TGRGF.
2026-09-20T15:58:06.222Z CVVUF No financial-statement provider returned data for CVVUF.
2026-09-20T15:58:08.357Z TREO No financial-statement provider returned data for TREO.
2026-09-20T15:58:09.823Z RDEXF No financial-statement provider returned data for RDEXF.
2026-09-20T15:58:16.677Z GDSRF No financial-statement provider returned data for GDSRF.
2026-09-20T15:58:19.857Z BEWFF No financial-statement provider returned data for BEWFF.
2026-09-20T15:58:23.655Z LOMLF No financial-statement provider returned data for LOMLF.
2026-09-20T15:58:25.061Z ESAUF No financial-statement provider returned data for ESAUF.
2026-09-20T15:58:27.059Z AZZTF No financial-statement provider returned data for AZZTF.
2026-09-20T15:58:27.508Z USPCY No financial-statement provider returned data for USPCY.
2026-09-20T15:58:31.783Z PGZFF No financial-statement provider returned data for PGZFF.
2026-09-20T15:58:32.253Z DRYGF No financial-statement provider returned data for DRYGF.
2026-09-20T15:58:32.405Z SAGGF No financial-statement provider returned data for SAGGF.
2026-09-20T15:58:39.970Z MHUBF No financial-statement provider returned data for MHUBF.
2026-09-20T15:58:41.594Z TKRFF No financial-statement provider returned data for TKRFF.
2026-09-20T15:58:42.739Z TLTFF No financial-statement provider returned data for TLTFF.
2026-09-20T15:58:43.188Z BZDLF No financial-statement provider returned data for BZDLF.
2026-09-20T15:58:48.830Z NMCPF No financial-statement provider returned data for NMCPF.
2026-09-20T15:58:50.276Z VRHID No financial-statement provider returned data for VRHID.
2026-09-20T15:58:50.640Z DGNOF No financial-statement provider returned data for DGNOF.
2026-09-20T15:58:51.938Z KCCFF No financial-statement provider returned data for KCCFF.
2026-09-20T15:58:53.530Z HWAUF No financial-statement provider returned data for HWAUF.
2026-09-20T15:58:53.804Z SPMEF No financial-statement provider returned data for SPMEF.
2026-09-20T15:58:59.317Z FRFAF No financial-statement provider returned data for FRFAF.
2026-09-20T15:59:03.886Z RGCCF No financial-statement provider returned data for RGCCF.
2026-09-20T15:59:05.338Z ISTKF No financial-statement provider returned data for ISTKF.
2026-09-20T15:59:07.555Z USGDF No financial-statement provider returned data for USGDF.
2026-09-20T15:59:08.062Z TIGCF No financial-statement provider returned data for TIGCF.
2026-09-20T15:59:10.815Z PHNMF No financial-statement provider returned data for PHNMF.
2026-09-20T15:59:11.284Z VIPRF No financial-statement provider returned data for VIPRF.
2026-09-20T15:59:12.252Z INIKF No financial-statement provider returned data for INIKF.
2026-09-20T15:59:12.567Z LFLRF No financial-statement provider returned data for LFLRF.
2026-09-20T15:59:15.505Z CYDVF No financial-statement provider returned data for CYDVF.
2026-09-20T15:59:18.069Z CGDCF No financial-statement provider returned data for CGDCF.
2026-09-20T15:59:19.079Z KDKGF No financial-statement provider returned data for KDKGF.
2026-09-20T15:59:22.410Z CCEYF No financial-statement provider returned data for CCEYF.
2026-09-20T15:59:22.795Z BRKCF No financial-statement provider returned data for BRKCF.
2026-09-20T15:59:24.088Z IEGCF No financial-statement provider returned data for IEGCF.
2026-09-20T15:59:31.751Z GPGCF No financial-statement provider returned data for GPGCF.
2026-09-20T15:59:38.439Z ATCMF No financial-statement provider returned data for ATCMF.
2026-09-20T15:59:38.892Z JAYGF No financial-statement provider returned data for JAYGF.
2026-09-20T15:59:40.896Z CPIVF No financial-statement provider returned data for CPIVF.
2026-09-20T15:59:42.896Z KNGRF No financial-statement provider returned data for KNGRF.
2026-09-20T15:59:43.011Z VAUCF No financial-statement provider returned data for VAUCF.
2026-09-20T15:59:44.230Z STSBF No financial-statement provider returned data for STSBF.
2026-09-20T15:59:46.527Z TTIPF No financial-statement provider returned data for TTIPF.
2026-09-20T15:59:46.972Z APAAF No financial-statement provider returned data for APAAF.
2026-09-20T15:59:48.654Z CGDXF No financial-statement provider returned data for CGDXF.
2026-09-20T15:59:49.656Z WNRS No financial-statement provider returned data for WNRS.
2026-09-20T15:59:50.496Z RDGMF No financial-statement provider returned data for RDGMF.
2026-09-20T15:59:52.880Z BGAVF No financial-statement provider returned data for BGAVF.
2026-09-20T15:59:54.012Z EMGDF No financial-statement provider returned data for EMGDF.
2026-09-20T15:59:55.505Z GDGIF No financial-statement provider returned data for GDGIF.
2026-09-20T15:59:56.880Z BONXF No financial-statement provider returned data for BONXF.
2026-09-20T16:00:02.826Z LRRIF No financial-statement provider returned data for LRRIF.
2026-09-20T16:00:04.396Z PPURF No financial-statement provider returned data for PPURF.
2026-09-20T16:00:04.706Z VCGMF No financial-statement provider returned data for VCGMF.
2026-09-20T16:00:05.150Z ROMJF No financial-statement provider returned data for ROMJF.
2026-09-20T16:00:06.943Z EXHI No financial-statement provider returned data for EXHI.
2026-09-20T16:00:08.588Z ALGRF No financial-statement provider returned data for ALGRF.
2026-09-20T16:00:11.157Z ARLSF No financial-statement provider returned data for ARLSF.
2026-09-20T16:00:14.523Z GRLMF No financial-statement provider returned data for GRLMF.
2026-09-20T16:00:18.623Z RSGLF No financial-statement provider returned data for RSGLF.
2026-09-20T16:00:26.314Z NPRFF No financial-statement provider returned data for NPRFF.
2026-09-20T16:00:27.461Z WMLLF No financial-statement provider returned data for WMLLF.
2026-09-20T16:00:27.521Z IRVRF No financial-statement provider returned data for IRVRF.
2026-09-20T16:00:27.803Z NVGLF No financial-statement provider returned data for NVGLF.
2026-09-20T16:00:28.933Z TRGXF No financial-statement provider returned data for TRGXF.
2026-09-20T16:00:31.674Z MAUUF No financial-statement provider returned data for MAUUF.
2026-09-20T16:00:32.071Z CMGHF No financial-statement provider returned data for CMGHF.
2026-09-20T16:00:33.866Z LTAFF No financial-statement provider returned data for LTAFF.
2026-09-20T16:00:34.789Z STLNF No financial-statement provider returned data for STLNF.
2026-09-20T16:00:35.825Z HLRTF No financial-statement provider returned data for HLRTF.
2026-09-20T16:00:36.093Z MAPPF No financial-statement provider returned data for MAPPF.
2026-09-20T16:00:36.301Z CHKR No financial-statement provider returned data for CHKR.
2026-09-20T16:00:37.423Z NALG No financial-statement provider returned data for NALG.
2026-09-20T16:00:37.551Z RKHNF No financial-statement provider returned data for RKHNF.
2026-09-20T16:00:38.470Z COGDF No financial-statement provider returned data for COGDF.
2026-09-20T16:00:38.559Z GRAPF No financial-statement provider returned data for GRAPF.
2026-09-20T16:00:42.041Z EMBYF No financial-statement provider returned data for EMBYF.
2026-09-20T16:00:42.874Z PRNCF No financial-statement provider returned data for PRNCF.
2026-09-20T16:00:44.861Z BHSIF No financial-statement provider returned data for BHSIF.
2026-09-20T16:00:44.921Z TWOSF No financial-statement provider returned data for TWOSF.
2026-09-20T16:00:47.970Z LPSIF No financial-statement provider returned data for LPSIF.
2026-09-20T16:00:52.622Z GLOH No financial-statement provider returned data for GLOH.
2026-09-20T16:00:57.700Z RYOOF No financial-statement provider returned data for RYOOF.
2026-09-20T16:00:58.652Z NZERF No financial-statement provider returned data for NZERF.
2026-09-20T16:00:59.606Z CNTMF No financial-statement provider returned data for CNTMF.
2026-09-20T16:01:00.388Z TRUFF No financial-statement provider returned data for TRUFF.
2026-09-20T16:01:01.421Z OHCFF No financial-statement provider returned data for OHCFF.
2026-09-20T16:01:02.266Z DGCOF No financial-statement provider returned data for DGCOF.
2026-09-20T16:01:03.709Z JGLDF No financial-statement provider returned data for JGLDF.
2026-09-20T16:01:06.211Z FRTT No financial-statement provider returned data for FRTT.
2026-09-20T16:01:06.356Z BKUCF No financial-statement provider returned data for BKUCF.
2026-09-20T16:01:06.825Z IAALF No financial-statement provider returned data for IAALF.
2026-09-20T16:01:08.014Z FNFI No financial-statement provider returned data for FNFI.
2026-09-20T16:01:08.118Z KLGDF No financial-statement provider returned data for KLGDF.
2026-09-20T16:01:08.547Z PEXZF No financial-statement provider returned data for PEXZF.
2026-09-20T16:01:11.858Z GIXI No financial-statement provider returned data for GIXI.
2026-09-20T16:01:14.450Z BIOT No financial-statement provider returned data for BIOT.
2026-09-20T16:01:15.975Z FXBY No financial-statement provider returned data for FXBY.
2026-09-20T16:01:16.684Z RDUFF No financial-statement provider returned data for RDUFF.
2026-09-20T16:01:19.841Z CEXYF No financial-statement provider returned data for CEXYF.
2026-09-20T16:01:20.908Z ORESF No financial-statement provider returned data for ORESF.
2026-09-20T16:01:22.931Z ELECF No financial-statement provider returned data for ELECF.
2026-09-20T16:01:22.990Z RSMXF No financial-statement provider returned data for RSMXF.
2026-09-20T16:01:22.993Z BITTF No financial-statement provider returned data for BITTF.
2026-09-20T16:01:23.466Z GMVMF No financial-statement provider returned data for GMVMF.
2026-09-20T16:01:23.915Z ENDMF No financial-statement provider returned data for ENDMF.
2026-09-20T16:01:24.288Z THURF No financial-statement provider returned data for THURF.
2026-09-20T16:01:24.716Z CSRVF No financial-statement provider returned data for CSRVF.
2026-09-20T16:01:24.766Z MTTAF No financial-statement provider returned data for MTTAF.
2026-09-20T16:01:24.896Z GARWF No financial-statement provider returned data for GARWF.
2026-09-20T16:01:29.388Z FRECF No financial-statement provider returned data for FRECF.
2026-09-20T16:01:29.864Z VRRCF No financial-statement provider returned data for VRRCF.
2026-09-20T16:01:30.294Z ALTUF No financial-statement provider returned data for ALTUF.
2026-09-20T16:01:36.586Z NSURF No financial-statement provider returned data for NSURF.
2026-09-20T16:01:39.130Z LTHIF No financial-statement provider returned data for LTHIF.
2026-09-20T16:01:40.860Z CCOOF No financial-statement provider returned data for CCOOF.
2026-09-20T16:01:42.121Z BBBMF No financial-statement provider returned data for BBBMF.
2026-09-20T16:01:44.078Z ZCRMF No financial-statement provider returned data for ZCRMF.
2026-09-20T16:01:45.232Z PLCKF No financial-statement provider returned data for PLCKF.
2026-09-20T16:01:46.034Z COPAF No financial-statement provider returned data for COPAF.
2026-09-20T16:01:48.001Z LILIF No financial-statement provider returned data for LILIF.
2026-09-20T16:01:49.420Z TBLLF No financial-statement provider returned data for TBLLF.
2026-09-20T16:01:49.421Z TRGEF No financial-statement provider returned data for TRGEF.
2026-09-20T16:01:53.539Z MILIF No financial-statement provider returned data for MILIF.
2026-09-20T16:01:54.459Z YNVYF No financial-statement provider returned data for YNVYF.
2026-09-20T16:01:54.752Z AUGCF No financial-statement provider returned data for AUGCF.
2026-09-20T16:01:55.547Z GULTU No financial-statement provider returned data for GULTU.
2026-09-20T16:01:57.252Z APMCF No financial-statement provider returned data for APMCF.
2026-09-20T16:01:58.371Z ECTM No financial-statement provider returned data for ECTM.
2026-09-20T16:02:04.786Z FCHDF No financial-statement provider returned data for FCHDF.
2026-09-20T16:02:05.230Z ICGSF No financial-statement provider returned data for ICGSF.
2026-09-20T16:02:05.695Z IMIMF No financial-statement provider returned data for IMIMF.
2026-09-20T16:02:07.212Z CMHSF No financial-statement provider returned data for CMHSF.
2026-09-20T16:02:08.585Z GFTFF No financial-statement provider returned data for GFTFF.
2026-09-20T16:02:10.263Z INNPF No financial-statement provider returned data for INNPF.
2026-09-20T16:02:11.206Z TRBMF No financial-statement provider returned data for TRBMF.
2026-09-20T16:02:13.406Z XCRT No financial-statement provider returned data for XCRT.
2026-09-20T16:02:13.945Z WLFFF No financial-statement provider returned data for WLFFF.
2026-09-20T16:02:15.171Z JPOTF No financial-statement provider returned data for JPOTF.
2026-09-20T16:02:18.742Z URZEF No financial-statement provider returned data for URZEF.
2026-09-20T16:02:20.204Z HVGDF No financial-statement provider returned data for HVGDF.
2026-09-20T16:02:20.679Z HAMRF No financial-statement provider returned data for HAMRF.
2026-09-20T16:02:25.338Z BCUFF No financial-statement provider returned data for BCUFF.
2026-09-20T16:02:27.192Z TRRFF No financial-statement provider returned data for TRRFF.
2026-09-20T16:02:30.556Z AITTF No financial-statement provider returned data for AITTF.
2026-09-20T16:02:33.234Z NBLXF No financial-statement provider returned data for NBLXF.
2026-09-20T16:02:37.274Z EXCBF No financial-statement provider returned data for EXCBF.
2026-09-20T16:02:38.560Z UUUFF No financial-statement provider returned data for UUUFF.
2026-09-20T16:02:40.520Z KLYG No financial-statement provider returned data for KLYG.
2026-09-20T16:02:49.098Z KOGDF No financial-statement provider returned data for KOGDF.
2026-09-20T16:02:50.504Z FASLF No financial-statement provider returned data for FASLF.
2026-09-20T16:02:53.219Z CYDX No financial-statement provider returned data for CYDX.
2026-09-20T16:02:55.309Z OBULF No financial-statement provider returned data for OBULF.
2026-09-20T16:02:55.577Z AWLIF No financial-statement provider returned data for AWLIF.
2026-09-20T16:02:57.725Z NVSGF No financial-statement provider returned data for NVSGF.
2026-09-20T16:02:59.054Z ROIUF No financial-statement provider returned data for ROIUF.
2026-09-20T16:03:00.090Z EMRH No financial-statement provider returned data for EMRH.
2026-09-20T16:03:00.676Z SABOF No financial-statement provider returned data for SABOF.
2026-09-20T16:03:03.543Z NRGFF No financial-statement provider returned data for NRGFF.
2026-09-20T16:03:11.894Z RECX No financial-statement provider returned data for RECX.
2026-09-20T16:03:14.817Z NTRX No financial-statement provider returned data for NTRX.
2026-09-20T16:03:21.301Z EUEMF No financial-statement provider returned data for EUEMF.
2026-09-20T16:03:24.597Z DEFG No financial-statement provider returned data for DEFG.
2026-09-20T16:03:25.288Z ZPHYF No financial-statement provider returned data for ZPHYF.
2026-09-20T16:03:27.110Z BMXI No financial-statement provider returned data for BMXI.
2026-09-20T16:03:28.317Z HGTXU No financial-statement provider returned data for HGTXU.
2026-09-20T16:03:33.096Z INEOF No financial-statement provider returned data for INEOF.
2026-09-20T16:03:39.786Z VNTXF No financial-statement provider returned data for VNTXF.
2026-09-20T16:03:42.097Z TUTH No financial-statement provider returned data for TUTH.
2026-09-20T16:03:44.114Z CRUCF No financial-statement provider returned data for CRUCF.
2026-09-20T16:03:45.585Z SYGCF No financial-statement provider returned data for SYGCF.
2026-09-20T16:03:46.021Z NIOMF No financial-statement provider returned data for NIOMF.
2026-09-20T16:03:47.307Z CPCPF No financial-statement provider returned data for CPCPF.
2026-09-20T16:03:54.393Z ABCFF No financial-statement provider returned data for ABCFF.
2026-09-20T16:03:58.397Z ZHDM No financial-statement provider returned data for ZHDM.
2026-09-20T16:04:01.929Z SSEBF No financial-statement provider returned data for SSEBF.
2026-09-20T16:04:02.545Z SRKZF No financial-statement provider returned data for SRKZF.
2026-09-20T16:04:05.193Z PSYCF No financial-statement provider returned data for PSYCF.
2026-09-20T16:04:06.540Z AGNPF No financial-statement provider returned data for AGNPF.
2026-09-20T16:04:11.305Z IPTNF No financial-statement provider returned data for IPTNF.
2026-09-20T16:04:18.242Z CYCL No financial-statement provider returned data for CYCL.
2026-09-20T16:04:18.933Z CLDVF No financial-statement provider returned data for CLDVF.
2026-09-20T16:04:21.574Z CNRCF No financial-statement provider returned data for CNRCF.
2026-09-20T16:04:21.955Z FDXTF No financial-statement provider returned data for FDXTF.
2026-09-20T16:04:24.054Z LITSF No financial-statement provider returned data for LITSF.
2026-09-20T16:04:28.007Z BABYF No financial-statement provider returned data for BABYF.
2026-09-20T16:04:28.955Z WCUFF No financial-statement provider returned data for WCUFF.
2026-09-20T16:04:30.742Z EARI No financial-statement provider returned data for EARI.
2026-09-20T16:04:34.569Z MECPF No financial-statement provider returned data for MECPF.
2026-09-20T16:04:35.718Z NATNF No financial-statement provider returned data for NATNF.
2026-09-20T16:04:37.012Z SETO No financial-statement provider returned data for SETO.
2026-09-20T16:04:40.246Z INKW No financial-statement provider returned data for INKW.
2026-09-20T16:04:41.467Z LNTO No financial-statement provider returned data for LNTO.
2026-09-20T16:04:44.798Z ABVEF No financial-statement provider returned data for ABVEF.
2026-09-20T16:04:46.391Z CBDL No financial-statement provider returned data for CBDL.
2026-09-20T16:04:49.011Z GGLXF No financial-statement provider returned data for GGLXF.
2026-09-20T16:04:51.932Z VERTF No financial-statement provider returned data for VERTF.
2026-09-20T16:04:52.989Z ECPL No financial-statement provider returned data for ECPL.
2026-09-20T16:04:53.431Z CWPE No financial-statement provider returned data for CWPE.
2026-09-20T16:04:56.232Z GREH No financial-statement provider returned data for GREH.
2026-09-20T16:04:56.848Z DGTEF No financial-statement provider returned data for DGTEF.
2026-09-20T16:04:58.494Z BFCH No financial-statement provider returned data for BFCH.
2026-09-20T16:05:00.074Z GRXXF No financial-statement provider returned data for GRXXF.
2026-09-20T16:05:09.639Z PCGC No financial-statement provider returned data for PCGC.
2026-09-20T16:05:15.874Z GOSC No financial-statement provider returned data for GOSC.
2026-09-20T16:05:16.331Z MDDTY No financial-statement provider returned data for MDDTY.
2026-09-20T16:05:16.776Z GSNR No financial-statement provider returned data for GSNR.
2026-09-20T16:05:17.773Z NNPEF No financial-statement provider returned data for NNPEF.
2026-09-20T16:05:17.922Z MGMYY No financial-statement provider returned data for MGMYY.
2026-09-20T16:05:18.360Z MOGMF No financial-statement provider returned data for MOGMF.
2026-09-20T16:05:20.357Z NRDMF No financial-statement provider returned data for NRDMF.
2026-09-20T16:05:20.390Z ITRE No financial-statement provider returned data for ITRE.
2026-09-20T16:05:20.396Z GLIV No financial-statement provider returned data for GLIV.
2026-09-20T16:05:20.910Z MIMDF No financial-statement provider returned data for MIMDF.
2026-09-20T16:05:21.917Z OBNB No financial-statement provider returned data for OBNB.
2026-09-20T16:05:22.074Z VCCG No financial-statement provider returned data for VCCG.
2026-09-20T16:05:22.356Z PCPGY No financial-statement provider returned data for PCPGY.
2026-09-20T16:05:22.510Z GHRTF No financial-statement provider returned data for GHRTF.
2026-09-20T16:05:22.786Z DDHLY No financial-statement provider returned data for DDHLY.
2026-09-20T16:05:23.787Z TDGGF No financial-statement provider returned data for TDGGF.
2026-09-20T16:05:24.231Z CUPPF No financial-statement provider returned data for CUPPF.
2026-09-20T16:05:25.694Z NPIXY No financial-statement provider returned data for NPIXY.
2026-09-20T16:05:25.752Z BIREY No financial-statement provider returned data for BIREY.
2026-09-20T16:05:26.110Z METRY No financial-statement provider returned data for METRY.
2026-09-20T16:05:26.121Z TCLXY No financial-statement provider returned data for TCLXY.
2026-09-20T16:05:26.585Z VTNMF No financial-statement provider returned data for VTNMF.
2026-09-20T16:05:27.602Z ZSHLY No financial-statement provider returned data for ZSHLY.
2026-09-20T16:05:28.026Z RENGY No financial-statement provider returned data for RENGY.
2026-09-20T16:05:28.458Z ZGJLY No financial-statement provider returned data for ZGJLY.
2026-09-20T16:05:28.858Z INHI No financial-statement provider returned data for INHI.
2026-09-20T16:05:29.230Z STA No financial-statement provider returned data for STA.
2026-09-20T16:05:29.363Z HCPC No financial-statement provider returned data for HCPC.
2026-09-20T16:05:29.807Z XDT No financial-statement provider returned data for XDT.
2026-09-20T16:05:30.481Z SGIHY No financial-statement provider returned data for SGIHY.
2026-09-20T16:05:30.797Z PBRRY No financial-statement provider returned data for PBRRY.
2026-09-20T16:05:30.944Z YLY No financial-statement provider returned data for YLY.
2026-09-20T16:05:31.228Z KYTFY No financial-statement provider returned data for KYTFY.
2026-09-20T16:05:32.153Z BXRLY No financial-statement provider returned data for BXRLY.
2026-09-20T16:05:32.524Z PSBTY No financial-statement provider returned data for PSBTY.
2026-09-20T16:05:33.031Z MNTGY No financial-statement provider returned data for MNTGY.
2026-09-20T16:05:33.579Z SHNTY No financial-statement provider returned data for SHNTY.
2026-09-20T16:05:34.035Z HUAQY No financial-statement provider returned data for HUAQY.
2026-09-20T16:05:34.232Z TYOEY No financial-statement provider returned data for TYOEY.
2026-09-20T16:05:34.454Z VYLR No financial-statement provider returned data for VYLR.
2026-09-20T16:05:34.485Z MNYCY No financial-statement provider returned data for MNYCY.
2026-09-20T16:05:34.671Z THARY No financial-statement provider returned data for THARY.
2026-09-20T16:05:34.904Z DTRSY No financial-statement provider returned data for DTRSY.
2026-09-20T16:05:34.918Z NTCMY No financial-statement provider returned data for NTCMY.
2026-09-20T16:05:35.121Z NBKBY No financial-statement provider returned data for NBKBY.
2026-09-20T16:05:35.320Z ZJGIY No financial-statement provider returned data for ZJGIY.
2026-09-20T16:05:35.389Z NGCOY No financial-statement provider returned data for NGCOY.
2026-09-20T16:05:35.751Z CDTHY No financial-statement provider returned data for CDTHY.
2026-09-20T16:05:36.004Z STJNY No financial-statement provider returned data for STJNY.
2026-09-20T16:05:36.517Z NHKSY No financial-statement provider returned data for NHKSY.
2026-09-20T16:05:36.743Z NWCYY No financial-statement provider returned data for NWCYY.
2026-09-20T16:05:37.114Z ASKRY No financial-statement provider returned data for ASKRY.
2026-09-20T16:05:37.216Z ELFTY No financial-statement provider returned data for ELFTY.
2026-09-20T16:05:37.577Z SOUD No financial-statement provider returned data for SOUD.
2026-09-20T16:05:37.921Z CPXXY No financial-statement provider returned data for CPXXY.
2026-09-20T16:05:38.041Z RCWBY No financial-statement provider returned data for RCWBY.
2026-09-20T16:05:39.073Z STCK No financial-statement provider returned data for STCK.
2026-09-20T16:05:39.797Z FRTRY No financial-statement provider returned data for FRTRY.
2026-09-20T16:05:40.768Z LKYLY No financial-statement provider returned data for LKYLY.
2026-09-20T16:05:41.281Z SNEVY No financial-statement provider returned data for SNEVY.
2026-09-20T16:05:41.710Z DYBTY No financial-statement provider returned data for DYBTY.
2026-09-20T16:05:41.984Z OBNK No financial-statement provider returned data for OBNK.
2026-09-20T16:05:42.260Z MNZLY No financial-statement provider returned data for MNZLY.
2026-09-20T16:05:42.763Z LSHGY No financial-statement provider returned data for LSHGY.
2026-09-20T16:05:43.012Z RECCY No financial-statement provider returned data for RECCY.
2026-09-20T16:05:43.228Z CSCCY No financial-statement provider returned data for CSCCY.
2026-09-20T16:05:43.261Z VSGRY No financial-statement provider returned data for VSGRY.
2026-09-20T16:05:43.719Z HNPHY No financial-statement provider returned data for HNPHY.
2026-09-20T16:05:43.752Z TMKVY No financial-statement provider returned data for TMKVY.
2026-09-20T16:05:44.989Z OBBCY No financial-statement provider returned data for OBBCY.
2026-09-20T16:05:45.958Z YGSHY No financial-statement provider returned data for YGSHY.
2026-09-20T16:05:46.521Z WODO No financial-statement provider returned data for WODO.
2026-09-20T16:05:46.665Z NHLTY No financial-statement provider returned data for NHLTY.
2026-09-20T16:05:46.950Z IDPEY No financial-statement provider returned data for IDPEY.
2026-09-20T16:05:47.097Z GRCPY No financial-statement provider returned data for GRCPY.
2026-09-20T16:05:47.369Z DNCLY No financial-statement provider returned data for DNCLY.
2026-09-20T16:05:47.639Z NEUT No financial-statement provider returned data for NEUT.
2026-09-20T16:05:47.885Z NRR No financial-statement provider returned data for NRR.
2026-09-20T16:05:48.028Z SAPUY No financial-statement provider returned data for SAPUY.
2026-09-20T16:05:48.524Z NEPRY No financial-statement provider returned data for NEPRY.
2026-09-20T16:05:50.031Z PTMSY No financial-statement provider returned data for PTMSY.
2026-09-20T16:05:51.656Z OSOL No financial-statement provider returned data for OSOL.
2026-09-20T16:05:52.890Z TSLVF No financial-statement provider returned data for TSLVF.
2026-09-20T16:05:53.469Z MANA No financial-statement provider returned data for MANA.
2026-09-20T16:05:53.859Z GBAT No financial-statement provider returned data for GBAT.
2026-09-20T16:05:55.780Z GJT No financial-statement provider returned data for GJT.
2026-09-20T16:05:59.449Z BWG No financial-statement provider returned data for BWG.
2026-09-20T16:06:00.394Z MMD No financial-statement provider returned data for MMD.
2026-09-20T16:06:01.266Z DSRNY No financial-statement provider returned data for DSRNY.
2026-09-20T16:06:01.556Z LDP No financial-statement provider returned data for LDP.
2026-09-20T16:06:01.744Z PRBRY No financial-statement provider returned data for PRBRY.
2026-09-20T16:06:03.674Z CPPBY No financial-statement provider returned data for CPPBY.
2026-09-20T16:06:04.164Z EYUBY No financial-statement provider returned data for EYUBY.
2026-09-20T16:06:18.653Z IPB No financial-statement provider returned data for IPB.
2026-09-20T16:06:18.713Z PYT No financial-statement provider returned data for PYT.
2026-09-20T16:06:19.281Z KTN No financial-statement provider returned data for KTN.
2026-09-20T16:06:19.381Z GJH No financial-statement provider returned data for GJH.
2026-09-20T16:06:21.627Z AEBMY No financial-statement provider returned data for AEBMY.
2026-09-20T16:06:27.046Z SJT No financial-statement provider returned data for SJT.
2026-09-20T16:06:29.172Z SPY No financial-statement provider returned data for SPY.
2026-09-20T16:06:29.715Z KRYCY No financial-statement provider returned data for KRYCY.
2026-09-20T16:06:30.615Z JTGEY No financial-statement provider returned data for JTGEY.
2026-09-20T16:06:31.140Z JBK No financial-statement provider returned data for JBK.
2026-09-20T16:06:31.738Z GEHDF No financial-statement provider returned data for GEHDF.
2026-09-20T16:06:34.106Z GJO No financial-statement provider returned data for GJO.
2026-09-20T16:06:35.408Z IHD No financial-statement provider returned data for IHD.
2026-09-20T16:06:38.648Z VOC No financial-statement provider returned data for VOC.
2026-09-20T16:06:38.929Z EMO No financial-statement provider returned data for EMO.
2026-09-20T16:06:39.120Z MDY No financial-statement provider returned data for MDY.
2026-09-20T16:06:41.940Z MROSY No financial-statement provider returned data for MROSY.
2026-09-20T16:06:42.143Z NHS No financial-statement provider returned data for NHS.
2026-09-20T16:06:42.405Z GJP No financial-statement provider returned data for GJP.
2026-09-20T16:06:42.549Z GJR No financial-statement provider returned data for GJR.
2026-09-20T16:06:42.981Z GJS No financial-statement provider returned data for GJS.
2026-09-20T16:06:46.549Z DIA No financial-statement provider returned data for DIA.
2026-09-20T16:06:53.119Z HNAMY No financial-statement provider returned data for HNAMY.
2026-09-20T16:06:53.841Z KTH No financial-statement provider returned data for KTH.
2026-09-20T16:06:54.163Z JXIRY No financial-statement provider returned data for JXIRY.
2026-09-20T16:06:54.289Z RHDTY No financial-statement provider returned data for RHDTY.
2026-09-20T16:06:54.787Z ORCRY No financial-statement provider returned data for ORCRY.
2026-09-20T16:06:54.944Z CTNKY No financial-statement provider returned data for CTNKY.
2026-09-20T16:06:55.430Z ATAYY No financial-statement provider returned data for ATAYY.
2026-09-20T16:06:55.857Z MUYNY No financial-statement provider returned data for MUYNY.
2026-09-20T16:06:55.885Z BVGLY No financial-statement provider returned data for BVGLY.
2026-09-20T16:06:56.040Z SKG No financial-statement provider returned data for SKG.
2026-09-20T16:06:58.077Z NSNFY No financial-statement provider returned data for NSNFY.
2026-09-20T16:06:58.673Z TRXS No financial-statement provider returned data for TRXS.
2026-09-20T16:06:59.008Z BEJEF No financial-statement provider returned data for BEJEF.
2026-09-20T16:06:59.677Z MSSE No financial-statement provider returned data for MSSE.
2026-09-20T16:07:00.091Z BSUDY No financial-statement provider returned data for BSUDY.
2026-09-20T16:07:00.103Z PHCAF No financial-statement provider returned data for PHCAF.
2026-09-20T16:07:00.630Z SKBBY No financial-statement provider returned data for SKBBY.
2026-09-20T16:07:01.041Z KGBMY No financial-statement provider returned data for KGBMY.
2026-09-20T16:07:01.048Z GBNXY No financial-statement provider returned data for GBNXY.
2026-09-20T16:07:01.479Z GGTKY No financial-statement provider returned data for GGTKY.
2026-09-20T16:07:01.573Z STSUF No financial-statement provider returned data for STSUF.
2026-09-20T16:07:02.045Z ORNJY No financial-statement provider returned data for ORNJY.
2026-09-20T16:07:02.234Z MLIZY No financial-statement provider returned data for MLIZY.
2026-09-20T16:07:02.507Z HRBAY No financial-statement provider returned data for HRBAY.
2026-09-20T16:07:02.675Z MTMTY No financial-statement provider returned data for MTMTY.
2026-09-20T16:07:03.126Z EBGCY No financial-statement provider returned data for EBGCY.
2026-09-20T16:07:03.459Z TELYF No financial-statement provider returned data for TELYF.
2026-09-20T16:07:03.893Z OPNHY No financial-statement provider returned data for OPNHY.
2026-09-20T16:07:04.030Z MSGR No financial-statement provider returned data for MSGR.
2026-09-20T16:07:04.584Z CMPLY No financial-statement provider returned data for CMPLY.
2026-09-20T16:07:05.256Z CBPHF No financial-statement provider returned data for CBPHF.
2026-09-20T16:07:05.726Z JNGDY No financial-statement provider returned data for JNGDY.
2026-09-20T16:07:05.915Z SICCY No financial-statement provider returned data for SICCY.
2026-09-20T16:07:06.148Z SWBKY No financial-statement provider returned data for SWBKY.
2026-09-20T16:07:06.514Z GLVPY No financial-statement provider returned data for GLVPY.
2026-09-20T16:07:06.854Z BHTGY No financial-statement provider returned data for BHTGY.
2026-09-20T16:07:07.584Z LXSPY No financial-statement provider returned data for LXSPY.
2026-09-20T16:07:08.006Z MGLBY No financial-statement provider returned data for MGLBY.
2026-09-20T16:07:08.303Z GBNB No financial-statement provider returned data for GBNB.
2026-09-20T16:07:08.595Z MMXGY No financial-statement provider returned data for MMXGY.
2026-09-20T16:07:08.741Z PSTEY No financial-statement provider returned data for PSTEY.
2026-09-20T16:07:10.257Z ITHEY No financial-statement provider returned data for ITHEY.
2026-09-20T16:07:10.703Z SXZTY No financial-statement provider returned data for SXZTY.
2026-09-20T16:07:11.118Z SIGEY No financial-statement provider returned data for SIGEY.
2026-09-20T16:07:11.276Z LBRJ No financial-statement provider returned data for LBRJ.
2026-09-20T16:07:11.750Z MTBOY No financial-statement provider returned data for MTBOY.
2026-09-20T16:07:12.055Z GDTTY No financial-statement provider returned data for GDTTY.
2026-09-20T16:07:12.195Z AGYXY No financial-statement provider returned data for AGYXY.
2026-09-20T16:07:12.218Z NTVRY No financial-statement provider returned data for NTVRY.
2026-09-20T16:07:12.623Z BEMPY No financial-statement provider returned data for BEMPY.
2026-09-20T16:07:12.678Z CBAGY No financial-statement provider returned data for CBAGY.
2026-09-20T16:07:12.971Z GDHRY No financial-statement provider returned data for GDHRY.
2026-09-20T16:07:13.656Z BCLGY No financial-statement provider returned data for BCLGY.
2026-09-20T16:07:14.024Z MSOL No financial-statement provider returned data for MSOL.
2026-09-20T16:07:14.142Z MPJPY No financial-statement provider returned data for MPJPY.
2026-09-20T16:07:14.467Z AFNDY No financial-statement provider returned data for AFNDY.
2026-09-20T16:07:14.657Z TEICY No financial-statement provider returned data for TEICY.
2026-09-20T16:07:15.002Z ANJFY No financial-statement provider returned data for ANJFY.
2026-09-20T16:07:15.152Z CRAUY No financial-statement provider returned data for CRAUY.
2026-09-20T16:07:15.462Z AIOK No financial-statement provider returned data for AIOK.
2026-09-20T16:07:16.633Z ALEUY No financial-statement provider returned data for ALEUY.
2026-09-20T16:07:17.216Z EULLY No financial-statement provider returned data for EULLY.
2026-09-20T16:07:17.617Z HGZDY No financial-statement provider returned data for HGZDY.
2026-09-20T16:07:17.781Z AXM No financial-statement provider returned data for AXM.
2026-09-20T16:07:18.256Z SIAMY No financial-statement provider returned data for SIAMY.
2026-09-20T16:07:18.710Z CHXIY No financial-statement provider returned data for CHXIY.
2026-09-20T16:07:19.220Z WXILY No financial-statement provider returned data for WXILY.
2026-09-20T16:07:19.298Z SHILY No financial-statement provider returned data for SHILY.
2026-09-20T16:07:19.696Z CVCPY No financial-statement provider returned data for CVCPY.
2026-09-20T16:07:19.749Z FRLCY No financial-statement provider returned data for FRLCY.
2026-09-20T16:07:19.832Z PRSKY No financial-statement provider returned data for PRSKY.
2026-09-20T16:07:20.162Z VIRMF No financial-statement provider returned data for VIRMF.
2026-09-20T16:07:20.198Z IBL No financial-statement provider returned data for IBL.
2026-09-20T16:07:20.280Z UNCJY No financial-statement provider returned data for UNCJY.
2026-09-20T16:07:20.621Z CLRLY No financial-statement provider returned data for CLRLY.
2026-09-20T16:07:20.689Z MREGY No financial-statement provider returned data for MREGY.
2026-09-20T16:07:20.757Z SCBXY No financial-statement provider returned data for SCBXY.
2026-09-20T16:07:21.153Z GGRPY No financial-statement provider returned data for GGRPY.
2026-09-20T16:07:21.207Z FHFFY No financial-statement provider returned data for FHFFY.
2026-09-20T16:07:22.256Z DPDSY No financial-statement provider returned data for DPDSY.
2026-09-20T16:07:22.660Z APNA No financial-statement provider returned data for APNA.
2026-09-20T16:07:22.830Z PNIG No financial-statement provider returned data for PNIG.
2026-09-20T16:07:22.999Z AKCLY No financial-statement provider returned data for AKCLY.
2026-09-20T16:07:23.880Z TKCYY No financial-statement provider returned data for TKCYY.
2026-09-20T16:07:24.549Z NYB No financial-statement provider returned data for NYB.
2026-09-20T16:07:25.014Z HZRBY No financial-statement provider returned data for HZRBY.
2026-09-20T16:07:25.015Z ONWRY No financial-statement provider returned data for ONWRY.
2026-09-20T16:07:25.479Z ZSICY No financial-statement provider returned data for ZSICY.
2026-09-20T16:07:26.047Z SSRLY No financial-statement provider returned data for SSRLY.
2026-09-20T16:07:26.465Z GIVE No financial-statement provider returned data for GIVE.
2026-09-20T16:07:26.465Z SVICY No financial-statement provider returned data for SVICY.
2026-09-20T16:07:26.733Z UATCY No financial-statement provider returned data for UATCY.
2026-09-20T16:07:27.759Z VGTHY No financial-statement provider returned data for VGTHY.
2026-09-20T16:07:27.814Z MTGLY No financial-statement provider returned data for MTGLY.
2026-09-20T16:07:27.832Z MDKGY No financial-statement provider returned data for MDKGY.
2026-09-20T16:07:28.253Z SXTEY No financial-statement provider returned data for SXTEY.
2026-09-20T16:07:28.317Z RGKUY No financial-statement provider returned data for RGKUY.
2026-09-20T16:07:28.885Z LNFGY No financial-statement provider returned data for LNFGY.
2026-09-20T16:07:28.956Z ZABKY No financial-statement provider returned data for ZABKY.
2026-09-20T16:07:29.333Z IDXMF No financial-statement provider returned data for IDXMF.
2026-09-20T16:07:29.561Z ACMIF No financial-statement provider returned data for ACMIF.
2026-09-20T16:07:29.843Z FNIGY No financial-statement provider returned data for FNIGY.
2026-09-20T16:07:30.073Z TPZEY No financial-statement provider returned data for TPZEY.
2026-09-20T16:07:30.138Z BKPOY No financial-statement provider returned data for BKPOY.
2026-09-20T16:07:30.591Z THCLY No financial-statement provider returned data for THCLY.
2026-09-20T16:07:30.705Z BAGZ No financial-statement provider returned data for BAGZ.
2026-09-20T16:07:31.075Z SMPHY No financial-statement provider returned data for SMPHY.
2026-09-20T16:07:31.792Z SKAI No financial-statement provider returned data for SKAI.
2026-09-20T16:07:32.403Z SSHBY No financial-statement provider returned data for SSHBY.
2026-09-20T16:07:32.506Z GIDHF No financial-statement provider returned data for GIDHF.
2026-09-20T16:07:32.530Z KNWAY No financial-statement provider returned data for KNWAY.
2026-09-20T16:07:33.020Z ODKUY No financial-statement provider returned data for ODKUY.
2026-09-20T16:07:33.024Z AELKY No financial-statement provider returned data for AELKY.
2026-09-20T16:07:33.067Z SGPIY No financial-statement provider returned data for SGPIY.
2026-09-20T16:07:33.994Z CNYGF No financial-statement provider returned data for CNYGF.
2026-09-20T16:07:34.112Z GTLRY No financial-statement provider returned data for GTLRY.
2026-09-20T16:07:35.211Z CTATF No financial-statement provider returned data for CTATF.
2026-09-20T16:07:37.694Z KXIAY No financial-statement provider returned data for KXIAY.
2026-09-20T16:07:39.160Z DTEGF No financial-statement provider returned data for DTEGF.
2026-09-20T16:07:40.926Z IDEXF No financial-statement provider returned data for IDEXF.
2026-09-20T16:07:41.394Z BYDDF No financial-statement provider returned data for BYDDF.
2026-09-20T16:07:41.459Z CMXHF No financial-statement provider returned data for CMXHF.
2026-09-20T16:07:42.187Z AIQUF No financial-statement provider returned data for AIQUF.
2026-09-20T16:07:42.731Z MBGAF No financial-statement provider returned data for MBGAF.
2026-09-20T16:07:43.027Z BAESF No financial-statement provider returned data for BAESF.
2026-09-20T16:07:44.001Z GLCNF No financial-statement provider returned data for GLCNF.
2026-09-20T16:07:44.452Z KDDIF No financial-statement provider returned data for KDDIF.
2026-09-20T16:07:45.500Z SFTBF No financial-statement provider returned data for SFTBF.
2026-09-20T16:07:46.136Z RBGPF No financial-statement provider returned data for RBGPF.
2026-09-20T16:07:46.947Z SFBQF No financial-statement provider returned data for SFBQF.
2026-09-20T16:07:47.764Z IFNNF No financial-statement provider returned data for IFNNF.
2026-09-20T16:07:48.914Z DKILF No financial-statement provider returned data for DKILF.
2026-09-20T16:07:50.366Z ITOCF No financial-statement provider returned data for ITOCF.
2026-09-20T16:07:51.344Z BAMXF No financial-statement provider returned data for BAMXF.
2026-09-20T16:07:53.057Z BMDPF No financial-statement provider returned data for BMDPF.
2026-09-20T16:07:53.622Z TKOMF No financial-statement provider returned data for TKOMF.
2026-09-20T16:07:54.089Z SVNDF No financial-statement provider returned data for SVNDF.
2026-09-20T16:07:54.577Z MRAAF No financial-statement provider returned data for MRAAF.
2026-09-20T16:07:54.656Z PINXF No financial-statement provider returned data for PINXF.
2026-09-20T16:07:55.877Z CRARF No financial-statement provider returned data for CRARF.
2026-09-20T16:07:56.316Z ENAKF No financial-statement provider returned data for ENAKF.
2026-09-20T16:07:59.552Z CIXPF No financial-statement provider returned data for CIXPF.
2026-09-20T16:08:00.472Z CODGF No financial-statement provider returned data for CODGF.
2026-09-20T16:08:01.578Z VWSYF No financial-statement provider returned data for VWSYF.
2026-09-20T16:08:04.665Z ANNSF No financial-statement provider returned data for ANNSF.
2026-09-20T16:08:07.322Z HKHHF No financial-statement provider returned data for HKHHF.
2026-09-20T16:08:08.253Z SAXPF No financial-statement provider returned data for SAXPF.
2026-09-20T16:08:11.868Z MARUF No financial-statement provider returned data for MARUF.
2026-09-20T16:08:12.396Z HMRZF No financial-statement provider returned data for HMRZF.
2026-09-20T16:08:14.904Z TELNF No financial-statement provider returned data for TELNF.
2026-09-20T16:08:17.291Z SOAGY No financial-statement provider returned data for SOAGY.
2026-09-20T16:08:18.691Z BKZHY No financial-statement provider returned data for BKZHY.
2026-09-20T16:08:20.731Z MTNOF No financial-statement provider returned data for MTNOF.
2026-09-20T16:08:22.273Z POAHF No financial-statement provider returned data for POAHF.
2026-09-20T16:08:23.824Z SPXSF No financial-statement provider returned data for SPXSF.
2026-09-20T16:08:25.153Z SURDF No financial-statement provider returned data for SURDF.
2026-09-20T16:08:25.461Z EDRVY No financial-statement provider returned data for EDRVY.
2026-09-20T16:08:26.831Z FSNUF No financial-statement provider returned data for FSNUF.
2026-09-20T16:08:27.914Z SGIOF No financial-statement provider returned data for SGIOF.
2026-09-20T16:08:30.701Z SVYSF No financial-statement provider returned data for SVYSF.
2026-09-20T16:08:31.238Z GELYF No financial-statement provider returned data for GELYF.
2026-09-20T16:08:32.671Z SHECF No financial-statement provider returned data for SHECF.
2026-09-20T16:08:35.189Z YMHAY No financial-statement provider returned data for YMHAY.
2026-09-20T16:08:35.291Z PIRBF No financial-statement provider returned data for PIRBF.
2026-09-20T16:08:35.382Z BZLFF No financial-statement provider returned data for BZLFF.
2026-09-20T16:08:36.282Z PBNNF No financial-statement provider returned data for PBNNF.
2026-09-20T16:08:36.373Z DQJCF No financial-statement provider returned data for DQJCF.
2026-09-20T16:08:37.157Z PRYMF No financial-statement provider returned data for PRYMF.
2026-09-20T16:08:37.869Z AOMFF No financial-statement provider returned data for AOMFF.
2026-09-20T16:08:39.192Z MNBEF No financial-statement provider returned data for MNBEF.
2026-09-20T16:08:40.103Z YAMHF No financial-statement provider returned data for YAMHF.
2026-09-20T16:08:40.379Z SMTOF No financial-statement provider returned data for SMTOF.
2026-09-20T16:08:42.546Z SBMFF No financial-statement provider returned data for SBMFF.
2026-09-20T16:08:42.727Z NDEKF No financial-statement provider returned data for NDEKF.
2026-09-20T16:08:45.169Z DINRF No financial-statement provider returned data for DINRF.
2026-09-20T16:08:45.210Z SAPIF No financial-statement provider returned data for SAPIF.
2026-09-20T16:08:48.173Z OSCUF No financial-statement provider returned data for OSCUF.
2026-09-20T16:08:50.536Z UNBLF No financial-statement provider returned data for UNBLF.
2026-09-20T16:08:52.187Z XZJCF No financial-statement provider returned data for XZJCF.
2026-09-20T16:08:52.333Z TYOYY No financial-statement provider returned data for TYOYY.
2026-09-20T16:08:53.363Z KOSCF No financial-statement provider returned data for KOSCF.
2026-09-20T16:08:54.338Z PADEF No financial-statement provider returned data for PADEF.
2026-09-20T16:08:54.397Z MSUXF No financial-statement provider returned data for MSUXF.
2026-09-20T16:08:55.143Z ATDRF No financial-statement provider returned data for ATDRF.
2026-09-20T16:08:55.486Z DSECF No financial-statement provider returned data for DSECF.
2026-09-20T16:08:56.148Z RCWLY No financial-statement provider returned data for RCWLY.
2026-09-20T16:08:57.320Z BCUCF No financial-statement provider returned data for BCUCF.
2026-09-20T16:08:57.719Z OTGLY No financial-statement provider returned data for OTGLY.
2026-09-20T16:08:58.247Z BMRPF No financial-statement provider returned data for BMRPF.
2026-09-20T16:08:59.633Z HACBY No financial-statement provider returned data for HACBY.
2026-09-20T16:08:59.763Z BLFBY No financial-statement provider returned data for BLFBY.
2026-09-20T16:09:00.864Z KMRRF No financial-statement provider returned data for KMRRF.
2026-09-20T16:09:01.519Z SFGRF No financial-statement provider returned data for SFGRF.
2026-09-20T16:09:02.148Z SLFPF No financial-statement provider returned data for SLFPF.
2026-09-20T16:09:03.032Z RTMVF No financial-statement provider returned data for RTMVF.
2026-09-20T16:09:03.632Z MITUF No financial-statement provider returned data for MITUF.
2026-09-20T16:09:05.721Z ZLDPF No financial-statement provider returned data for ZLDPF.
2026-09-20T16:09:09.525Z PIFMF No financial-statement provider returned data for PIFMF.
2026-09-20T16:09:10.136Z DISPF No financial-statement provider returned data for DISPF.
2026-09-20T16:09:11.438Z DLAKF No financial-statement provider returned data for DLAKF.
2026-09-20T16:09:11.630Z DCCPY No financial-statement provider returned data for DCCPY.
2026-09-20T16:09:13.496Z TYTMF No financial-statement provider returned data for TYTMF.
2026-09-20T16:09:14.541Z RYKKF No financial-statement provider returned data for RYKKF.
2026-09-20T16:09:14.575Z SOHGY No financial-statement provider returned data for SOHGY.
2026-09-20T16:09:15.872Z PTXAF No financial-statement provider returned data for PTXAF.
2026-09-20T16:09:18.538Z CDGLF No financial-statement provider returned data for CDGLF.
2026-09-20T16:09:18.613Z MXUBY No financial-statement provider returned data for MXUBY.
2026-09-20T16:09:21.275Z TBNGY No financial-statement provider returned data for TBNGY.
2026-09-20T16:09:21.708Z AEBZY No financial-statement provider returned data for AEBZY.
2026-09-20T16:09:22.583Z IFCNF No financial-statement provider returned data for IFCNF.
2026-09-20T16:09:23.590Z TUFBY No financial-statement provider returned data for TUFBY.
2026-09-20T16:09:24.212Z ARZTF No financial-statement provider returned data for ARZTF.
2026-09-20T16:09:24.430Z FLIDF No financial-statement provider returned data for FLIDF.
2026-09-20T16:09:25.789Z LTGHF No financial-statement provider returned data for LTGHF.
2026-09-20T16:09:26.127Z SBOEF No financial-statement provider returned data for SBOEF.
2026-09-20T16:09:27.508Z CMGMF No financial-statement provider returned data for CMGMF.
2026-09-20T16:09:29.429Z FXCNF No financial-statement provider returned data for FXCNF.
2026-09-20T16:09:31.100Z MGMNF No financial-statement provider returned data for MGMNF.
2026-09-20T16:09:31.525Z CLVLF No financial-statement provider returned data for CLVLF.
2026-09-20T16:09:32.535Z WEJTY No financial-statement provider returned data for WEJTY.
2026-09-20T16:09:32.641Z MTGRF No financial-statement provider returned data for MTGRF.
2026-09-20T16:09:32.674Z TIHRF No financial-statement provider returned data for TIHRF.
2026-09-20T16:09:35.782Z CNTHP No financial-statement provider returned data for CNTHP.
2026-09-20T16:09:36.109Z CNLPL No financial-statement provider returned data for CNLPL.
2026-09-20T16:09:36.283Z CNTHO No financial-statement provider returned data for CNTHO.
2026-09-20T16:09:36.922Z KRYXF No financial-statement provider returned data for KRYXF.
2026-09-20T16:09:37.599Z CNTHN No financial-statement provider returned data for CNTHN.
2026-09-20T16:09:37.640Z UURAF No financial-statement provider returned data for UURAF.
2026-09-20T16:09:38.082Z CNLHP No financial-statement provider returned data for CNLHP.
2026-09-20T16:09:38.954Z CNLTP No financial-statement provider returned data for CNLTP.
2026-09-20T16:09:39.082Z HEXEY No financial-statement provider returned data for HEXEY.
2026-09-20T16:09:39.547Z CNLTL No financial-statement provider returned data for CNLTL.
2026-09-20T16:09:40.020Z CNPWM No financial-statement provider returned data for CNPWM.
2026-09-20T16:09:40.383Z CNLHO No financial-statement provider returned data for CNLHO.
2026-09-20T16:09:40.539Z CNPWP No financial-statement provider returned data for CNPWP.
2026-09-20T16:09:40.863Z CNLPM No financial-statement provider returned data for CNLPM.
2026-09-20T16:09:40.989Z CNLTN No financial-statement provider returned data for CNLTN.
2026-09-20T16:09:41.327Z LBCMF No financial-statement provider returned data for LBCMF.
2026-09-20T16:09:41.871Z CNLHN No financial-statement provider returned data for CNLHN.
2026-09-20T16:09:42.049Z BNIGF No financial-statement provider returned data for BNIGF.
2026-09-20T16:09:43.448Z CHPGF No financial-statement provider returned data for CHPGF.
2026-09-20T16:09:44.338Z BTA No financial-statement provider returned data for BTA.
2026-09-20T16:09:44.418Z AOAO No financial-statement provider returned data for AOAO.
2026-09-20T16:09:44.595Z OCGSF No financial-statement provider returned data for OCGSF.
2026-09-20T16:09:44.962Z HUSIF No financial-statement provider returned data for HUSIF.
2026-09-20T16:09:46.086Z GFASY No financial-statement provider returned data for GFASY.
2026-09-20T16:09:50.934Z FUUFF No financial-statement provider returned data for FUUFF.
2026-09-20T16:09:55.185Z ANPCF No financial-statement provider returned data for ANPCF.
2026-09-20T16:09:59.096Z MRZLF No financial-statement provider returned data for MRZLF.
2026-09-20T16:10:01.653Z MNTCF No financial-statement provider returned data for MNTCF.
2026-09-20T16:10:04.790Z FEOVF No financial-statement provider returned data for FEOVF.
2026-09-20T16:10:05.286Z SWISF No financial-statement provider returned data for SWISF.
2026-09-20T16:10:05.618Z NEXCF No financial-statement provider returned data for NEXCF.
2026-09-20T16:10:07.140Z XONI No financial-statement provider returned data for XONI.
2026-09-20T16:10:09.160Z BBBXF No financial-statement provider returned data for BBBXF.
2026-09-20T16:10:10.966Z EGTYF No financial-statement provider returned data for EGTYF.
2026-09-20T16:10:15.080Z KNOS No financial-statement provider returned data for KNOS.
2026-09-20T16:10:16.081Z GOGR No financial-statement provider returned data for GOGR.
2026-09-20T16:10:16.370Z SYIN No financial-statement provider returned data for SYIN.
2026-09-20T16:10:16.874Z SRMX No financial-statement provider returned data for SRMX.
2026-09-20T16:10:17.336Z BKTH No financial-statement provider returned data for BKTH.
2026-09-20T16:10:17.927Z SFWJ No financial-statement provider returned data for SFWJ.
2026-09-20T16:10:18.674Z GSAC No financial-statement provider returned data for GSAC.
2026-09-20T16:10:19.143Z MNZO No financial-statement provider returned data for MNZO.
2026-09-20T16:10:21.198Z GMZP No financial-statement provider returned data for GMZP.
2026-09-20T16:10:22.404Z CDSG No financial-statement provider returned data for CDSG.
2026-09-20T16:10:25.202Z NGCG No financial-statement provider returned data for NGCG.
2026-09-20T16:10:28.139Z DPUI No financial-statement provider returned data for DPUI.
2026-09-20T16:10:31.469Z BISA No financial-statement provider returned data for BISA.
2026-09-20T16:10:33.424Z SOHGF No financial-statement provider returned data for SOHGF.
2026-09-20T16:10:33.548Z NHFOF No financial-statement provider returned data for NHFOF.
2026-09-20T16:10:33.853Z CHKGF No financial-statement provider returned data for CHKGF.
2026-09-20T16:10:34.036Z SHMZF No financial-statement provider returned data for SHMZF.
2026-09-20T16:10:34.292Z JPSTF No financial-statement provider returned data for JPSTF.
2026-09-20T16:10:34.371Z CEHCF No financial-statement provider returned data for CEHCF.
2026-09-20T16:10:35.100Z JBHIF No financial-statement provider returned data for JBHIF.
2026-09-20T16:10:35.783Z RPGRF No financial-statement provider returned data for RPGRF.
2026-09-20T16:10:37.198Z HCTPF No financial-statement provider returned data for HCTPF.
2026-09-20T16:10:38.089Z BUHPF No financial-statement provider returned data for BUHPF.
2026-09-20T16:10:38.311Z BUGDF No financial-statement provider returned data for BUGDF.
2026-09-20T16:10:38.389Z NSKFF No financial-statement provider returned data for NSKFF.
2026-09-20T16:10:40.470Z PBATF No financial-statement provider returned data for PBATF.
2026-09-20T16:10:41.706Z EVKIF No financial-statement provider returned data for EVKIF.
2026-09-20T16:10:42.297Z MBUMF No financial-statement provider returned data for MBUMF.
2026-09-20T16:10:42.935Z PNDZF No financial-statement provider returned data for PNDZF.
2026-09-20T16:10:44.203Z NCHEF No financial-statement provider returned data for NCHEF.
2026-09-20T16:10:44.473Z NIFCF No financial-statement provider returned data for NIFCF.
2026-09-20T16:10:44.634Z DCCPF No financial-statement provider returned data for DCCPF.
2026-09-20T16:10:44.844Z GRKZF No financial-statement provider returned data for GRKZF.
2026-09-20T16:10:46.593Z FITY No financial-statement provider returned data for FITY.
2026-09-20T16:10:47.109Z DPLMF No financial-statement provider returned data for DPLMF.
2026-09-20T16:10:48.534Z ISADY No financial-statement provider returned data for ISADY.
2026-09-20T16:10:48.928Z ISFFF No financial-statement provider returned data for ISFFF.
2026-09-20T16:10:49.179Z SHLAF No financial-statement provider returned data for SHLAF.
2026-09-20T16:10:49.313Z SHLRF No financial-statement provider returned data for SHLRF.
2026-09-20T16:10:49.631Z JPHLF No financial-statement provider returned data for JPHLF.
2026-09-20T16:10:49.826Z SNROF No financial-statement provider returned data for SNROF.
2026-09-20T16:10:50.244Z OZKAP No financial-statement provider returned data for OZKAP.
2026-09-20T16:10:50.261Z CPNNF No financial-statement provider returned data for CPNNF.
2026-09-20T16:10:50.445Z CTPUF No financial-statement provider returned data for CTPUF.
2026-09-20T16:10:50.775Z EBOSF No financial-statement provider returned data for EBOSF.
2026-09-20T16:10:50.890Z EYGPF No financial-statement provider returned data for EYGPF.
2026-09-20T16:10:51.143Z EYUUF No financial-statement provider returned data for EYUUF.
2026-09-20T16:10:51.387Z THFRF No financial-statement provider returned data for THFRF.
2026-09-20T16:10:51.469Z TUFUF No financial-statement provider returned data for TUFUF.
2026-09-20T16:10:53.136Z ASCIX No financial-statement provider returned data for ASCIX.
2026-09-20T16:10:53.512Z SATLF No financial-statement provider returned data for SATLF.
2026-09-20T16:10:53.648Z FIGIF No financial-statement provider returned data for FIGIF.
2026-09-20T16:10:53.989Z ZNKUF No financial-statement provider returned data for ZNKUF.
2026-09-20T16:10:55.334Z SMSOF No financial-statement provider returned data for SMSOF.
2026-09-20T16:10:55.392Z MONRF No financial-statement provider returned data for MONRF.
2026-09-20T16:10:56.157Z PRBZF No financial-statement provider returned data for PRBZF.
2026-09-20T16:10:57.341Z CHWRF No financial-statement provider returned data for CHWRF.
2026-09-20T16:10:59.706Z AIBRF No financial-statement provider returned data for AIBRF.
2026-09-20T16:11:00.203Z WRLRF No financial-statement provider returned data for WRLRF.
2026-09-20T16:11:00.226Z WRLWF No financial-statement provider returned data for WRLWF.
2026-09-20T16:11:00.790Z MPNGF No financial-statement provider returned data for MPNGF.
2026-09-20T16:11:00.813Z DAIUF No financial-statement provider returned data for DAIUF.
2026-09-20T16:11:02.133Z WEBJF No financial-statement provider returned data for WEBJF.
2026-09-20T16:11:02.638Z IQEPF No financial-statement provider returned data for IQEPF.
2026-09-20T16:11:03.112Z WEIGF No financial-statement provider returned data for WEIGF.
2026-09-20T16:11:03.217Z HPHTF No financial-statement provider returned data for HPHTF.
2026-09-20T16:11:06.762Z IBIDF No financial-statement provider returned data for IBIDF.
2026-09-20T16:11:07.203Z ADDTF No financial-statement provider returned data for ADDTF.
2026-09-20T16:11:07.450Z MRCIF No financial-statement provider returned data for MRCIF.
2026-09-20T16:11:13.170Z DNOPF No financial-statement provider returned data for DNOPF.
2026-09-20T16:11:20.852Z AKPPS No financial-statement provider returned data for AKPPS.
2026-09-20T16:11:25.041Z INPOF No financial-statement provider returned data for INPOF.
2026-09-20T16:11:28.693Z SDMHF No financial-statement provider returned data for SDMHF.
2026-09-20T16:11:29.197Z LSRCF No financial-statement provider returned data for LSRCF.
2026-09-20T16:11:36.795Z DRRKF No financial-statement provider returned data for DRRKF.
2026-09-20T16:11:36.983Z SCAFF No financial-statement provider returned data for SCAFF.
2026-09-20T16:11:37.936Z BAKR No financial-statement provider returned data for BAKR.
2026-09-20T16:11:39.111Z VSRPF No financial-statement provider returned data for VSRPF.
2026-09-20T16:11:41.526Z ZJLMF No financial-statement provider returned data for ZJLMF.
2026-09-20T16:11:43.926Z RNGOF No financial-statement provider returned data for RNGOF.
2026-09-20T16:11:44.400Z ZSHOF No financial-statement provider returned data for ZSHOF.
2026-09-20T16:11:48.578Z GDERF No financial-statement provider returned data for GDERF.
2026-09-20T16:11:49.331Z THNBY No financial-statement provider returned data for THNBY.
2026-09-20T16:11:49.671Z BCHMF No financial-statement provider returned data for BCHMF.
2026-09-20T16:11:52.372Z IVBXF No financial-statement provider returned data for IVBXF.
2026-09-20T16:11:52.566Z OTGLF No financial-statement provider returned data for OTGLF.
2026-09-20T16:11:54.054Z MXUGF No financial-statement provider returned data for MXUGF.
2026-09-20T16:11:55.365Z GMWKF No financial-statement provider returned data for GMWKF.
2026-09-20T16:11:55.953Z TCLHF No financial-statement provider returned data for TCLHF.
2026-09-20T16:11:56.055Z NPIFF No financial-statement provider returned data for NPIFF.
2026-09-20T16:11:56.157Z BIREF No financial-statement provider returned data for BIREF.
2026-09-20T16:11:56.444Z NPICF No financial-statement provider returned data for NPICF.
2026-09-20T16:11:57.033Z DLMAF No financial-statement provider returned data for DLMAF.
2026-09-20T16:11:57.782Z SPIWF No financial-statement provider returned data for SPIWF.
2026-09-20T16:12:05.682Z VTBAS No financial-statement provider returned data for VTBAS.
2026-09-20T16:12:06.245Z FKURF No financial-statement provider returned data for FKURF.
2026-09-20T16:12:06.713Z KYFGF No financial-statement provider returned data for KYFGF.
2026-09-20T16:12:08.097Z KXHCF No financial-statement provider returned data for KXHCF.
2026-09-20T16:12:10.658Z SGIPF No financial-statement provider returned data for SGIPF.
2026-09-20T16:12:14.075Z DTREF No financial-statement provider returned data for DTREF.
2026-09-20T16:12:15.588Z PSBAF No financial-statement provider returned data for PSBAF.
2026-09-20T16:12:18.193Z CPWPF No financial-statement provider returned data for CPWPF.
2026-09-20T16:12:18.607Z CPRHF No financial-statement provider returned data for CPRHF.
2026-09-20T16:12:18.746Z NNWWF No financial-statement provider returned data for NNWWF.
2026-09-20T16:12:18.807Z CPXWF No financial-statement provider returned data for CPXWF.
2026-09-20T16:12:19.614Z ELEEF No financial-statement provider returned data for ELEEF.
2026-09-20T16:12:20.147Z STLJF No financial-statement provider returned data for STLJF.
2026-09-20T16:12:20.657Z NHKGF No financial-statement provider returned data for NHKGF.
2026-09-20T16:12:21.216Z PTAXY No financial-statement provider returned data for PTAXY.
2026-09-20T16:12:21.328Z TOETF No financial-statement provider returned data for TOETF.
2026-09-20T16:12:22.488Z CNDHF No financial-statement provider returned data for CNDHF.
2026-09-20T16:12:22.495Z NGSCF No financial-statement provider returned data for NGSCF.
2026-09-20T16:12:23.024Z MAWAF No financial-statement provider returned data for MAWAF.
2026-09-20T16:12:23.106Z ZJNGF No financial-statement provider returned data for ZJNGF.
2026-09-20T16:12:33.913Z IDPUF No financial-statement provider returned data for IDPUF.
2026-09-20T16:12:34.071Z DNACF No financial-statement provider returned data for DNACF.
2026-09-20T16:12:35.896Z YSHLF No financial-statement provider returned data for YSHLF.
2026-09-20T16:12:36.151Z NGHLF No financial-statement provider returned data for NGHLF.
2026-09-20T16:12:36.635Z JELLF No financial-statement provider returned data for JELLF.
2026-09-20T16:12:38.236Z SMEGF No financial-statement provider returned data for SMEGF.
2026-09-20T16:12:38.767Z RLMLF No financial-statement provider returned data for RLMLF.
2026-09-20T16:12:39.846Z OBIBF No financial-statement provider returned data for OBIBF.
2026-09-20T16:12:39.911Z SBKLF No financial-statement provider returned data for SBKLF.
2026-09-20T16:12:41.050Z ALBC No financial-statement provider returned data for ALBC.
2026-09-20T16:12:41.061Z NNFSF No financial-statement provider returned data for NNFSF.
2026-09-20T16:12:42.444Z RKWBF No financial-statement provider returned data for RKWBF.
2026-09-20T16:12:42.548Z RKWAF No financial-statement provider returned data for RKWAF.
2026-09-20T16:12:46.036Z NKTP No financial-statement provider returned data for NKTP.
2026-09-20T16:12:50.940Z REECF No financial-statement provider returned data for REECF.
2026-09-20T16:12:53.104Z LSHGF No financial-statement provider returned data for LSHGF.
2026-09-20T16:12:53.381Z MGHTF No financial-statement provider returned data for MGHTF.
2026-09-20T16:12:54.239Z TNEYF No financial-statement provider returned data for TNEYF.
2026-09-20T16:12:54.773Z HNSPF No financial-statement provider returned data for HNSPF.
2026-09-20T16:12:55.779Z SRBEF No financial-statement provider returned data for SRBEF.
2026-09-20T16:12:56.215Z CSCCF No financial-statement provider returned data for CSCCF.
2026-09-20T16:12:59.359Z DUTBF No financial-statement provider returned data for DUTBF.
2026-09-20T16:13:01.369Z SVNHF No financial-statement provider returned data for SVNHF.
2026-09-20T16:13:02.009Z LKYRF No financial-statement provider returned data for LKYRF.
2026-09-20T16:13:02.543Z OBCKF No financial-statement provider returned data for OBCKF.
2026-09-20T16:13:10.752Z FIGP No financial-statement provider returned data for FIGP.
2026-09-20T16:13:12.568Z HNSDF No financial-statement provider returned data for HNSDF.
2026-09-20T16:13:18.496Z TKMEF No financial-statement provider returned data for TKMEF.
2026-09-20T16:13:19.623Z MANDF No financial-statement provider returned data for MANDF.
2026-09-20T16:13:19.769Z EDRVF No financial-statement provider returned data for EDRVF.
2026-09-20T16:13:20.091Z BCKIF No financial-statement provider returned data for BCKIF.
2026-09-20T16:13:20.203Z TOMYF No financial-statement provider returned data for TOMYF.
2026-09-20T16:13:20.728Z DUNNF No financial-statement provider returned data for DUNNF.
2026-09-20T16:13:21.511Z NCLTF No financial-statement provider returned data for NCLTF.
2026-09-20T16:13:22.520Z PVOZ No financial-statement provider returned data for PVOZ.
2026-09-20T16:13:22.812Z ADYYF No financial-statement provider returned data for ADYYF.
2026-09-20T16:13:22.959Z PSKRF No financial-statement provider returned data for PSKRF.
2026-09-20T16:13:24.958Z SEPSF No financial-statement provider returned data for SEPSF.
2026-09-20T16:13:27.806Z NNRGF No financial-statement provider returned data for NNRGF.
2026-09-20T16:13:28.341Z ALMP No financial-statement provider returned data for ALMP.
2026-09-20T16:13:31.862Z VTTGF No financial-statement provider returned data for VTTGF.
2026-09-20T16:13:32.233Z OWSCX No financial-statement provider returned data for OWSCX.
2026-09-20T16:13:32.328Z ASRRF No financial-statement provider returned data for ASRRF.
2026-09-20T16:13:35.077Z FILG No financial-statement provider returned data for FILG.
2026-09-20T16:13:37.951Z UMGNF No financial-statement provider returned data for UMGNF.
2026-09-20T16:13:42.174Z MEIUF No financial-statement provider returned data for MEIUF.
2026-09-20T16:13:42.534Z CAHPF No financial-statement provider returned data for CAHPF.
2026-09-20T16:13:48.677Z NPEHF No financial-statement provider returned data for NPEHF.
2026-09-20T16:13:51.275Z AGMWF No financial-statement provider returned data for AGMWF.
2026-09-20T16:13:52.523Z AVPKS No financial-statement provider returned data for AVPKS.
2026-09-20T16:13:52.537Z AVSBS No financial-statement provider returned data for AVSBS.
2026-09-20T16:13:52.943Z AEHGS No financial-statement provider returned data for AEHGS.
2026-09-20T16:13:53.115Z ALOIS No financial-statement provider returned data for ALOIS.
2026-09-20T16:13:53.953Z DGMDF No financial-statement provider returned data for DGMDF.
2026-09-20T16:13:57.936Z MGCOF No financial-statement provider returned data for MGCOF.
2026-09-20T16:13:59.739Z SPGDF No financial-statement provider returned data for SPGDF.
2026-09-20T16:14:00.558Z PCPPF No financial-statement provider returned data for PCPPF.
2026-09-20T16:14:03.367Z THQQF No financial-statement provider returned data for THQQF.
2026-09-20T16:14:05.518Z IPGLF No financial-statement provider returned data for IPGLF.
2026-09-20T16:14:11.741Z SBBTF No financial-statement provider returned data for SBBTF.
2026-09-20T16:14:12.302Z HCHDF No financial-statement provider returned data for HCHDF.
2026-09-20T16:14:12.763Z YRAIF No financial-statement provider returned data for YRAIF.
2026-09-20T16:14:20.852Z FNFPA No financial-statement provider returned data for FNFPA.
2026-09-20T16:14:27.784Z CITAF No financial-statement provider returned data for CITAF.
2026-09-20T16:14:29.031Z BKZHF No financial-statement provider returned data for BKZHF.
2026-09-20T16:14:29.663Z LOIMF No financial-statement provider returned data for LOIMF.
2026-09-20T16:14:33.920Z SNIRF No financial-statement provider returned data for SNIRF.
2026-09-20T16:14:34.441Z SKPJF No financial-statement provider returned data for SKPJF.
2026-09-20T16:14:34.532Z NGKSF No financial-statement provider returned data for NGKSF.
2026-09-20T16:14:34.565Z CYJBF No financial-statement provider returned data for CYJBF.
2026-09-20T16:14:35.078Z NXPGF No financial-statement provider returned data for NXPGF.
2026-09-20T16:14:38.479Z BYDIF No financial-statement provider returned data for BYDIF.
2026-09-20T16:14:39.046Z GBCMY No financial-statement provider returned data for GBCMY.
2026-09-20T16:14:39.236Z GBCMF No financial-statement provider returned data for GBCMF.
2026-09-20T16:14:39.304Z NWSZF No financial-statement provider returned data for NWSZF.
2026-09-20T16:14:39.903Z EJTTF No financial-statement provider returned data for EJTTF.
2026-09-20T16:14:41.873Z RSNHF No financial-statement provider returned data for RSNHF.
2026-09-20T16:14:47.432Z GFSAY No financial-statement provider returned data for GFSAY.
2026-09-20T16:14:49.498Z CKHGY No financial-statement provider returned data for CKHGY.
2026-09-20T16:14:50.901Z SKLTF No financial-statement provider returned data for SKLTF.
2026-09-20T16:14:51.352Z JTGLF No financial-statement provider returned data for JTGLF.
2026-09-20T16:14:52.610Z KRNGF No financial-statement provider returned data for KRNGF.
2026-09-20T16:14:53.909Z SLOIF No financial-statement provider returned data for SLOIF.
2026-09-20T16:14:53.966Z WCPRF No financial-statement provider returned data for WCPRF.
2026-09-20T16:14:54.478Z MIMTF No financial-statement provider returned data for MIMTF.
2026-09-20T16:14:55.801Z LOMWF No financial-statement provider returned data for LOMWF.
2026-09-20T16:14:55.988Z BAFBF No financial-statement provider returned data for BAFBF.
2026-09-20T16:14:56.758Z IHICF No financial-statement provider returned data for IHICF.
2026-09-20T16:14:57.406Z BTDPF No financial-statement provider returned data for BTDPF.
2026-09-20T16:14:57.853Z MLSPF No financial-statement provider returned data for MLSPF.
2026-09-20T16:14:57.975Z SFDMF No financial-statement provider returned data for SFDMF.
2026-09-20T16:14:59.020Z CMCLF No financial-statement provider returned data for CMCLF.
2026-09-20T16:15:03.197Z SWZCF No financial-statement provider returned data for SWZCF.
2026-09-20T16:15:05.742Z TYOYF No financial-statement provider returned data for TYOYF.
2026-09-20T16:15:09.929Z AEBMF No financial-statement provider returned data for AEBMF.
2026-09-20T16:15:10.538Z ELCPF No financial-statement provider returned data for ELCPF.
2026-09-20T16:15:10.955Z TGOPF No financial-statement provider returned data for TGOPF.
2026-09-20T16:15:14.974Z XAKJ No financial-statement provider returned data for XAKJ.
2026-09-20T16:15:15.359Z LNXSF No financial-statement provider returned data for LNXSF.
2026-09-20T16:15:16.738Z GRWLF No financial-statement provider returned data for GRWLF.
2026-09-20T16:15:16.900Z GRWTF No financial-statement provider returned data for GRWTF.
2026-09-20T16:15:17.179Z GWLPF No financial-statement provider returned data for GWLPF.
2026-09-20T16:15:17.340Z GRWFF No financial-statement provider returned data for GRWFF.
2026-09-20T16:15:19.439Z ABAKF No financial-statement provider returned data for ABAKF.
2026-09-20T16:15:25.676Z TXEMF No financial-statement provider returned data for TXEMF.
2026-09-20T16:15:36.046Z WOLTF No financial-statement provider returned data for WOLTF.
2026-09-20T16:15:40.712Z SRGBF No financial-statement provider returned data for SRGBF.
2026-09-20T16:15:43.468Z HACBF No financial-statement provider returned data for HACBF.
2026-09-20T16:15:52.464Z WEXPF No financial-statement provider returned data for WEXPF.
2026-09-20T16:15:58.652Z HEMNF No financial-statement provider returned data for HEMNF.
2026-09-20T16:16:01.511Z YMATF No financial-statement provider returned data for YMATF.
2026-09-20T16:16:05.285Z ITHLF No financial-statement provider returned data for ITHLF.
2026-09-20T16:16:05.780Z EURBF No financial-statement provider returned data for EURBF.
2026-09-20T16:16:06.084Z MNMXF No financial-statement provider returned data for MNMXF.
2026-09-20T16:16:06.355Z PITAF No financial-statement provider returned data for PITAF.
2026-09-20T16:16:07.369Z GLVHF No financial-statement provider returned data for GLVHF.
2026-09-20T16:16:10.299Z AWTRF No financial-statement provider returned data for AWTRF.
2026-09-20T16:16:10.734Z SWBGF No financial-statement provider returned data for SWBGF.
2026-09-20T16:16:11.274Z BLHWF No financial-statement provider returned data for BLHWF.
2026-09-20T16:16:11.865Z NOFCF No financial-statement provider returned data for NOFCF.
2026-09-20T16:16:14.816Z DMXCF No financial-statement provider returned data for DMXCF.
2026-09-20T16:16:14.930Z OPPPF No financial-statement provider returned data for OPPPF.
2026-09-20T16:16:15.410Z ERBGF No financial-statement provider returned data for ERBGF.
2026-09-20T16:16:15.627Z EXOSF No financial-statement provider returned data for EXOSF.
2026-09-20T16:16:20.678Z SUNXF No financial-statement provider returned data for SUNXF.
2026-09-20T16:16:22.147Z BELGF No financial-statement provider returned data for BELGF.
2026-09-20T16:16:22.748Z ATALF No financial-statement provider returned data for ATALF.
2026-09-20T16:16:26.753Z CPTKF No financial-statement provider returned data for CPTKF.
2026-09-20T16:16:26.850Z ORGJF No financial-statement provider returned data for ORGJF.
2026-09-20T16:16:27.359Z FNLPF No financial-statement provider returned data for FNLPF.
2026-09-20T16:16:27.474Z HRIBF No financial-statement provider returned data for HRIBF.
2026-09-20T16:16:27.937Z YSAU No financial-statement provider returned data for YSAU.
2026-09-20T16:16:28.025Z YSAG No financial-statement provider returned data for YSAG.
2026-09-20T16:16:28.721Z MTLPF No financial-statement provider returned data for MTLPF.
2026-09-20T16:16:30.870Z AVVOF No financial-statement provider returned data for AVVOF.
2026-09-20T16:16:31.385Z TRMLF No financial-statement provider returned data for TRMLF.
2026-09-20T16:16:31.650Z GBNXF No financial-statement provider returned data for GBNXF.
2026-09-20T16:16:32.207Z BIOTW No financial-statement provider returned data for BIOTW.
2026-09-20T16:16:35.201Z RNKGF No financial-statement provider returned data for RNKGF.
2026-09-20T16:16:37.099Z PFSEF No financial-statement provider returned data for PFSEF.
2026-09-20T16:16:37.253Z TYHOF No financial-statement provider returned data for TYHOF.
2026-09-20T16:16:39.924Z YMTKF No financial-statement provider returned data for YMTKF.
2026-09-20T16:16:39.982Z KELRF No financial-statement provider returned data for KELRF.
2026-09-20T16:16:40.495Z ALEGF No financial-statement provider returned data for ALEGF.
2026-09-20T16:16:40.999Z LTMGF No financial-statement provider returned data for LTMGF.
2026-09-20T16:16:44.142Z FLNCF No financial-statement provider returned data for FLNCF.
2026-09-20T16:16:44.358Z MDDNF No financial-statement provider returned data for MDDNF.
2026-09-20T16:16:44.774Z TNDEF No financial-statement provider returned data for TNDEF.
2026-09-20T16:16:45.317Z PARXF No financial-statement provider returned data for PARXF.
2026-09-20T16:16:45.345Z WIPKF No financial-statement provider returned data for WIPKF.
2026-09-20T16:16:45.401Z PREKF No financial-statement provider returned data for PREKF.
2026-09-20T16:16:45.757Z TMTNF No financial-statement provider returned data for TMTNF.
2026-09-20T16:16:45.854Z SCXBF No financial-statement provider returned data for SCXBF.
2026-09-20T16:16:46.480Z CVCCF No financial-statement provider returned data for CVCCF.
2026-09-20T16:16:47.075Z TKMSF No financial-statement provider returned data for TKMSF.
2026-09-20T16:16:48.483Z CSGNF No financial-statement provider returned data for CSGNF.
2026-09-20T16:16:48.517Z UNJCF No financial-statement provider returned data for UNJCF.
2026-09-20T16:16:48.740Z OSOPF No financial-statement provider returned data for OSOPF.
2026-09-20T16:16:49.112Z EULIF No financial-statement provider returned data for EULIF.
2026-09-20T16:16:53.585Z BWAGF No financial-statement provider returned data for BWAGF.
2026-09-20T16:16:53.783Z CRYAF No financial-statement provider returned data for CRYAF.
2026-09-20T16:16:54.627Z MTMCF No financial-statement provider returned data for MTMCF.
2026-09-20T16:16:55.139Z MTPLF No financial-statement provider returned data for MTPLF.
2026-09-20T16:16:57.940Z CGPCF No financial-statement provider returned data for CGPCF.
2026-09-20T16:16:58.632Z AGXXF No financial-statement provider returned data for AGXXF.
2026-09-20T16:16:59.377Z MNLTF No financial-statement provider returned data for MNLTF.
2026-09-20T16:16:59.856Z RGAKF No financial-statement provider returned data for RGAKF.
2026-09-20T16:16:59.947Z ELSSF No financial-statement provider returned data for ELSSF.
2026-09-20T16:17:00.591Z SMFRF No financial-statement provider returned data for SMFRF.
2026-09-20T16:17:01.561Z SPHXF No financial-statement provider returned data for SPHXF.
2026-09-20T16:17:03.030Z BKPKF No financial-statement provider returned data for BKPKF.
2026-09-20T16:17:03.680Z LPUGF No financial-statement provider returned data for LPUGF.
2026-09-20T16:17:03.765Z TPZEF No financial-statement provider returned data for TPZEF.
2026-09-20T16:17:04.179Z FINGF No financial-statement provider returned data for FINGF.
2026-09-20T16:17:04.237Z JXADF No financial-statement provider returned data for JXADF.
2026-09-20T16:17:04.294Z MSOKF No financial-statement provider returned data for MSOKF.
2026-09-20T16:17:05.499Z GGPSF No financial-statement provider returned data for GGPSF.
2026-09-20T16:17:07.914Z BGTCF No financial-statement provider returned data for BGTCF.
2026-09-20T16:17:07.918Z ODERF No financial-statement provider returned data for ODERF.
2026-09-20T16:17:08.418Z KATJF No financial-statement provider returned data for KATJF.
2026-09-20T16:17:08.783Z SBIBF No financial-statement provider returned data for SBIBF.
2026-09-20T16:17:09.033Z SWCPF No financial-statement provider returned data for SWCPF.
2026-09-20T16:17:11.469Z HRZRF No financial-statement provider returned data for HRZRF.
2026-09-20T16:17:11.584Z ONWRF No financial-statement provider returned data for ONWRF.
2026-09-20T16:17:11.928Z TOKCF No financial-statement provider returned data for TOKCF.
2026-09-20T16:17:12.714Z STHRF No financial-statement provider returned data for STHRF.
2026-09-20T16:17:13.781Z JNGHF No financial-statement provider returned data for JNGHF.
2026-09-20T16:17:13.933Z AMVIF No financial-statement provider returned data for AMVIF.
2026-09-20T16:17:14.306Z MBGCF No financial-statement provider returned data for MBGCF.
2026-09-20T16:17:14.812Z ZSINF No financial-statement provider returned data for ZSINF.
2026-09-20T16:17:15.019Z SVAUF No financial-statement provider returned data for SVAUF.
2026-09-20T16:17:15.278Z LWSCF No financial-statement provider returned data for LWSCF.
2026-09-20T16:17:17.985Z AIKCF No financial-statement provider returned data for AIKCF.
2026-09-20T16:17:18.676Z DPCDF No financial-statement provider returned data for DPCDF.
2026-09-20T16:17:21.200Z FHFLF No financial-statement provider returned data for FHFLF.
2026-09-20T16:17:23.104Z GPTGF No financial-statement provider returned data for GPTGF.
2026-09-20T16:17:23.260Z OBIIF No financial-statement provider returned data for OBIIF.
